application_id,person_id,requisition_key,applied_date_key,hired_date_key,hire_event_id,time_to_hire_days
A00009,P0152,REQK0018,20260128,20260328,E000025,59
A00017,P0150,REQK0026,20260419,20260622,E000051,64
A00029,P0380,REQK0014,20251122,20260131,E000088,70
A00055,P0327,REQK0023,20260403,20260615,E000171,73
A00073,P0415,REQK0015,20260125,20260415,E000236,80
A00079,P0180,REQK0021,20260509,20260625,E000258,47
A00112,P0361,REQK0020,20260308,20260508,E000358,61
A00114,P0509,REQK0010,20260318,20260507,E000367,50
A00138,P0065,REQK0003,20260406,20260620,E000446,75
A00145,P0282,REQK0008,20260421,20260616,E000472,56
A00162,P0018,REQK0003,20251107,20260122,E000524,76
A00170,P0349,REQK0022,20260407,20260528,E000551,51
A00185,P0074,REQK0014,20251224,20260219,E000594,57
A00213,P0359,REQK0014,20260113,20260312,E000684,58
A00245,P0283,REQK0018,20260331,20260602,E000785,63
A00246,P0280,REQK0007,20260218,20260326,E000790,36
A00247,P0165,REQK0025,20260102,20260312,E000795,69
A00272,P0016,REQK0015,20260418,20260612,E000880,55
A00274,P0070,REQK0004,20260421,20260610,E000887,50
A00276,P0524,REQK0002,20251114,20260126,E000896,73
A00295,P0266,REQK0007,20260420,20260621,E000960,62
A00298,P0461,REQK0013,20260112,20260407,E000969,85
A00308,P0169,REQK0007,20260115,20260305,E001002,49
A00319,P0198,REQK0015,20260218,20260425,E001038,66
A00340,P0278,REQK0010,20260318,20260509,E001106,52
A00351,P0276,REQK0017,20260317,20260514,E001143,58
A00398,P0060,REQK0014,20260216,20260425,E001303,68
A00405,P0459,REQK0020,20260513,20260630,E001325,48
A00410,P0146,REQK0014,20260327,20260526,E001344,60
A00417,P0131,REQK0011,20260311,20260518,E001368,68
A00437,P0212,REQK0011,20260125,20260412,E001437,77
A00438,P0174,REQK0022,20251207,20260224,E001442,79
A00451,P0410,REQK0002,20260407,20260614,E001483,68
A00485,P0138,REQK0006,20260409,20260618,E001587,70
A00511,P0443,REQK0012,20251209,20260209,E001669,62
A00530,P0379,REQK0010,20260306,20260423,E001730,48
A00537,P0125,REQK0016,20260417,20260617,E001752,61
A00549,P0205,REQK0017,20251208,20260128,E001791,51
A00561,P0087,REQK0025,20260315,20260531,E001834,77
A00569,P0422,REQK0020,20260311,20260416,E001859,36
A00570,P0253,REQK0015,20260314,20260512,E001864,59
A00592,P0009,REQK0012,20260201,20260417,E001935,75
A00612,P0180,REQK0003,20251213,20260101,E002002,19
A00616,P0055,REQK0002,20260301,20260512,E002017,72
A00623,P0297,REQK0021,20260502,20260614,E002040,43
A00636,P0376,REQK0009,20260515,20260621,E002084,37
A00652,P0532,REQK0018,20260317,20260601,E002140,76
A00660,P0101,REQK0006,20260301,20260427,E002166,57
A00662,P0169,REQK0020,20260309,20260425,E002175,47
A00717,P0363,REQK0002,20260325,20260519,E002353,55
A00728,P0158,REQK0024,20260503,20260602,E002395,30
A00749,P0052,REQK0025,20260321,20260601,E002463,72
A00760,P0406,REQK0016,20260219,20260423,E002504,63
A00776,P0459,REQK0007,20251215,20260222,E002552,69
A00779,P0179,REQK0003,20251214,20260222,E002565,70
A00781,P0371,REQK0015,20260413,20260610,E002572,58
A00793,P0389,REQK0025,20251121,20260123,E002608,63
A00800,P0111,REQK0023,20260331,20260525,E002629,55
A00804,P0320,REQK0001,20260528,20260625,E002646,28
A00829,P0292,REQK0023,20260303,20260418,E002732,46
A00830,P0170,REQK0005,20260312,20260505,E002737,54
A00844,P0295,REQK0012,20251105,20260112,E002785,68
A00894,P0175,REQK0008,20260427,20260616,E002951,50
A00895,P0497,REQK0018,20260428,20260629,E002956,62
A00932,P0083,REQK0008,20260414,20260601,E003074,48
A00985,P0419,REQK0020,20260411,20260613,E003255,63
A00994,P0538,REQK0003,20251201,20260219,E003286,80
A01009,P0159,REQK0017,20260510,20260622,E003334,43
A01061,P0060,REQK0025,20260208,20260406,E003497,57
A01067,P0135,REQK0016,20260428,20260627,E003516,60
A01095,P0541,REQK0009,20251222,20260205,E003610,45
A01112,P0361,REQK0021,20260507,20260623,E003672,47
A01134,P0432,REQK0017,20260202,20260331,E003740,57
A01158,P0517,REQK0019,20260515,20260609,E003817,25
A01171,P0283,REQK0025,20260501,20260612,E003859,42
A01177,P0209,REQK0010,20260413,20260620,E003883,68
A01182,P0174,REQK0017,20251202,20260110,E003900,39
A01207,P0085,REQK0003,20260124,20260226,E003983,33
A01211,P0025,REQK0006,20260430,20260616,E004002,47
A01222,P0064,REQK0010,20260304,20260502,E004046,59
A01231,P0258,REQK0013,20260122,20260330,E004073,67
A01237,P0368,REQK0013,20260313,20260527,E004095,75
A01256,P0066,REQK0014,20260316,20260520,E004152,65
A01264,P0348,REQK0026,20260512,20260623,E004182,42
A01280,P0037,REQK0007,20251204,20260109,E004239,36
A01299,P0066,REQK0022,20251128,20260123,E004296,56
A01302,P0426,REQK0005,20260411,20260621,E004307,71
A01303,P0527,REQK0017,20260130,20260312,E004312,41
A01321,P0289,REQK0006,20251231,20260322,E004369,81
A01331,P0466,REQK0006,20260422,20260626,E004398,65
A01361,P0017,REQK0026,20260518,20260628,E004490,41
A01387,P0548,REQK0003,20260418,20260604,E004564,47
A01394,P0309,REQK0006,20260514,20260630,E004589,47
A01402,P0350,REQK0002,20260103,20260309,E004613,65
A01406,P0523,REQK0012,20260301,20260501,E004631,61
A01413,P0103,REQK0010,20260330,20260515,E004652,46
A01435,P0367,REQK0012,20260103,20260222,E004723,50
