candidate_id,full_name,email,phone,source,created_at,normalized_phone,person_id
C00253,Sneha Rao,sneha.rao@outlook.com,+91 9278619997,Referral,2025-10-28 06:47:47,919278619997,P0001
C00591,  Vikram Agarwal ,vikram.agarwal56@outlook.com,+91 8372437461,Agency,2026-02-22 13:36:30,918372437461,P0002
C00140,Neha Mehra,neha.mehra@yahoo.in,+91 9646691278,LinkedIn,2026-05-02 05:40:24,919646691278,P0003
C00549,Varun Chopra,varun.chopra@yahoo.in,+91 9823879540,Referral,2025-09-21 05:45:43,919823879540,P0004
C00190,Tarun Iyer,tarun.iyer@protonmail.com,+91 7795390395,Careers site,2026-06-22 10:09:19,917795390395,P0005
C00303,Pranav Nair,pranav.nair@outlook.com,+91 8064142565,Naukri,2026-06-21 22:07:08,918064142565,P0006
C00010,Divya Verma,divya.verma@protonmail.com,+91 8325584179,Agency,2026-06-10 22:46:56,918325584179,P0007
C00170,Sahil Kulkarni,sahil.kulkarni@gmail.com,+91 8341624452,LinkedIn,2026-04-28 12:32:40,918341624452,P0008
C00209,Vikram Desai,vikram.desai@yahoo.in,+91 9582580627,Naukri,2025-09-20 10:54:28,919582580627,P0009
C00435,Lakshmi Rao,lakshmi.rao@yahoo.in,+91 7478070693,LinkedIn,2026-03-29 06:24:39,917478070693,P0010
C00478,Nikhil Rao,nikhil.rao@outlook.com,+91 7389579753,LinkedIn,2026-03-16 06:19:53,917389579753,P0011
C00544,Ankit Jain,ankit.jain@yahoo.in,+91 8524253450,LinkedIn,2026-02-04 12:49:01,918524253450,P0012
C00132,Neha Dutta,neha.dutta@protonmail.com,+91 7830095205,Referral,2025-12-30 16:29:54,917830095205,P0013
C00424,Ritika Singh,ritika.singh@yahoo.in,+91 8004618058,Naukri,2026-03-29 21:37:32,918004618058,P0014
C00056,Kabir Jain,kabir.jain@gmail.com,+91 9708978927,Naukri,2025-10-25 20:57:25,919708978927,P0015
C00040,Harsh Kulkarni,harsh.kulkarni@protonmail.com,+91 8233797493,Careers site,2026-07-07 21:01:28,918233797493,P0016
C00307,Meera Menon,meera.menon@gmail.com,+91 9453949328,Careers site,2025-11-28 17:22:30,919453949328,P0017
C00062,Gaurav Verma,gaurav.verma@yahoo.in,+91 8937866713,Agency,2025-09-09 06:04:12,918937866713,P0018
C00588,Deepak  Mehra,deepak.mehra90@yahoo.in,+91 7703781557,Agency,2026-08-19 14:47:50,917703781557,P0019
C00133,Ankit Bhatia,ankit.bhatia@outlook.com,+91 8955011083,Agency,2025-11-16 00:16:51,918955011083,P0020
C00541,Naveen Srivastava,naveen.srivastava@yahoo.in,+91 7781414478,Careers site,2026-05-01 12:47:10,917781414478,P0021
C00008,Akash Dutta,akash.dutta@gmail.com,+91 7280657847,Agency,2025-11-09 05:15:59,917280657847,P0022
C00489,Ritika Sharma,ritika.sharma@gmail.com,+91 8519348531,Campus,2026-03-29 02:52:01,918519348531,P0023
C00517,Uday Rao,uday.rao@yahoo.in,+91 7133332620,Careers site,2026-05-08 15:50:32,917133332620,P0024
C00033,Uday Desai,uday.desai@outlook.com,+91 9512538850,Referral,2026-02-19 01:38:32,919512538850,P0025
C00022,Sanya Agarwal,sanya.agarwal@yahoo.in,+91 7935926784,Naukri,2026-03-09 05:35:14,917935926784,P0026
C00557,Sahil Bansal,sahil.bansal@yahoo.in,+91 8370018072,Campus,2026-06-07 00:54:54,918370018072,P0027
C00134,Uday Desai,uday.desai@gmail.com,+91 9378961387,Agency,2026-03-11 02:05:38,919378961387,P0028
C00450,Sahil Sharma,sahil.sharma@yahoo.in,+91 8155357186,Naukri,2025-11-11 17:46:02,918155357186,P0029
C00321,Pooja Patel,pooja.patel@gmail.com,+91 7240880757,Agency,2026-07-29 05:07:42,917240880757,P0030
C00319,Gaurav Jain,gaurav.jain@protonmail.com,+91 7502028906,Referral,2025-12-21 02:36:07,917502028906,P0031
C00581,Rajat  Shetty,rajat.shetty68@outlook.com,+91 7959358284,LinkedIn,2026-03-05 10:03:37,917959358284,P0032
C00318,Jatin Kapoor,jatin.kapoor@outlook.com,+91 7276164308,Agency,2026-05-15 08:48:51,917276164308,P0033
C00018,Divya Sharma,divya.sharma@outlook.com,+91 9006193844,Naukri,2025-11-01 20:55:07,919006193844,P0034
C00310,Chirag Chauhan,chirag.chauhan@yahoo.in,+91 9852880854,Campus,2026-04-28 10:04:07,919852880854,P0035
C00411,Rajat Srivastava,rajat.srivastava@yahoo.in,+91 7922031776,LinkedIn,2026-05-20 12:53:59,917922031776,P0036
C00339,Uday Saxena,uday.saxena@outlook.com,+91 9564744914,Careers site,2025-09-21 14:10:18,919564744914,P0037
C00299,Yash Mehra,yash.mehra@outlook.com,+91 8179289968,Referral,2026-07-12 05:04:20,918179289968,P0038
C00238,Yash Kulkarni,yash.kulkarni@yahoo.in,+91 7350668376,LinkedIn,2026-03-07 18:39:27,917350668376,P0039
C00362,Manish Iyer,manish.iyer@yahoo.in,+91 8303591342,Careers site,2026-02-19 03:34:06,918303591342,P0040
C00143,Yash Desai,yash.desai@gmail.com,+91 7868894871,Naukri,2026-07-16 03:50:11,917868894871,P0041
C00335,Ananya Dutta,ananya.dutta@gmail.com,+91 8884899423,Campus,2026-01-11 20:21:17,918884899423,P0042
C00443,Neha Sharma,neha.sharma@protonmail.com,+91 9861593491,Referral,2025-09-14 08:18:07,919861593491,P0043
C00500,Sneha Verma,sneha.verma@protonmail.com,+91 8234369761,Agency,2026-02-07 17:06:40,918234369761,P0044
C00248,Priya Sinha,priya.sinha@yahoo.in,+91 8700897440,Naukri,2025-10-10 22:10:09,918700897440,P0045
C00402,Priya Dutta,priya.dutta@outlook.com,+91 8218499943,Careers site,2025-12-03 04:08:42,918218499943,P0046
C00367,Divya Mehta,divya.mehta@outlook.com,+91 9235876203,Agency,2026-07-10 04:08:27,919235876203,P0047
C00266,Siddharth Malhotra,siddharth.malhotra@protonmail.com,+91 7909933298,Agency,2026-02-02 00:16:24,917909933298,P0048
C00120,Lakshmi Dutta,lakshmi.dutta@protonmail.com,+91 7359057461,Agency,2026-06-16 12:27:24,917359057461,P0049
C00577,Anjali Srivastava ,anjali.srivastava96@yahoo.in,+91 7577542707,LinkedIn,2026-08-30 10:42:40,917577542707,P0050
C00194,Kavya Patel,kavya.patel@yahoo.in,+91 8487394086,Referral,2026-07-31 07:08:50,918487394086,P0051
C00048,Sanya Sinha,sanya.sinha@outlook.com,+91 8895299208,Careers site,2026-04-06 14:21:39,918895299208,P0052
C00249,Kavya Mehta,kavya.mehta@protonmail.com,+91 7775269859,Referral,2026-05-17 19:27:47,917775269859,P0053
C00265,Tanvi Reddy,tanvi.reddy@gmail.com,+91 9787491033,Referral,2025-09-13 15:23:40,919787491033,P0054
C00130,Simran Menon,simran.menon@gmail.com,+91 8884238583,LinkedIn,2026-06-25 15:35:16,918884238583,P0055
C00392,Rohan Bansal,rohan.bansal@outlook.com,+91 7138045601,Referral,2025-10-17 14:13:39,917138045601,P0056
C00573,neha chauhan,neha.chauhan3@protonmail.com,+91 7537740675,LinkedIn,2026-01-04 00:27:17,917537740675,P0057
C00216,Nandini Bhatia,nandini.bhatia@yahoo.in,+91 8036332406,Referral,2026-05-19 15:01:12,918036332406,P0058
C00284,Yash Verma,yash.verma@gmail.com,+91 9778748038,Careers site,2026-07-10 17:11:15,919778748038,P0059
C00554,Manish Singh,manish.singh@gmail.com,+91 8265469544,Careers site,2026-05-04 15:36:37,918265469544,P0060
C00421,Varun Jain,varun.jain@yahoo.in,+91 7090123836,Referral,2026-04-26 14:55:00,917090123836,P0061
C00217,Simran Menon,simran.menon@gmail.com,+91 8212999904,Naukri,2026-06-13 11:27:31,918212999904,P0062
C00338,Tarun Chopra,tarun.chopra@outlook.com,+91 9312654094,Careers site,2025-10-29 13:20:51,919312654094,P0063
C00200,Aditya Singh,aditya.singh@protonmail.com,+91 7468593782,Careers site,2026-03-25 18:57:15,917468593782,P0064
C00113,Zoya Bansal,zoya.bansal@protonmail.com,+91 9944375591,Careers site,2025-12-29 12:25:07,919944375591,P0065
C00099,Harsh Nair,harsh.nair@gmail.com,+91 8982146855,Campus,2025-09-10 02:42:51,918982146855,P0066
C00058,Neha Mehta,neha.mehta@gmail.com,+91 8249554567,Naukri,2026-04-16 22:00:36,918249554567,P0067
C00051,Gaurav Saxena,gaurav.saxena@gmail.com,+91 9997568610,LinkedIn,2026-05-19 16:16:07,919997568610,P0068
C00359,Rohan Agarwal,rohan.agarwal@gmail.com,+91 7267098867,LinkedIn,2026-06-27 05:26:05,917267098867,P0069
C00428,Jatin Kulkarni,jatin.kulkarni@gmail.com,+91 8735148579,Naukri,2026-01-07 02:46:17,918735148579,P0070
C00598,Nikhil Varma ,nikhil.varma95@outlook.com,+91 8770367884,Naukri,2026-11-30 14:13:02,918770367884,P0071
C00526,Zoya Sharma,zoya.sharma@outlook.com,+91 9258858128,Naukri,2026-03-29 03:00:44,919258858128,P0072
C00330,Kavya Kulkarni,kavya.kulkarni@yahoo.in,+91 9462517644,Agency,2026-07-08 09:35:19,919462517644,P0073
C00434,Shreya Dutta,shreya.dutta@yahoo.in,+91 8725479557,Campus,2025-11-27 19:50:47,918725479557,P0074
C00125,Rohan Bansal,rohan.bansal@protonmail.com,+91 7780792788,Agency,2025-09-16 11:51:40,917780792788,P0075
C00121,Kabir Bansal,kabir.bansal@gmail.com,+91 7062797242,Naukri,2025-10-15 19:06:19,917062797242,P0076
C00531,Pranav Jain,pranav.jain@yahoo.in,+91 9975133656,Agency,2025-09-20 23:10:47,919975133656,P0077
C00084,Farhan Bansal,farhan.bansal@yahoo.in,+91 9328483784,Referral,2025-11-15 18:44:08,919328483784,P0078
C00065,Neha Mehta,neha.mehta@yahoo.in,+91 9109618593,Agency,2026-01-20 23:46:13,919109618593,P0079
C00595,Nandini Srivastava ,nandini.srivastava75@protonmail.com,+91 9355515410,Campus,2027-01-01 19:42:28,919355515410,P0080
C00195,Chirag Mehta,chirag.mehta@yahoo.in,+91 8782761757,Campus,2026-04-28 16:42:15,918782761757,P0081
C00327,Rohan Sharma,rohan.sharma@protonmail.com,+91 7048898021,Referral,2026-04-16 07:01:32,917048898021,P0082
C00436,Lakshmi Sharma,lakshmi.sharma@outlook.com,+91 8781037911,Campus,2025-11-16 15:45:32,918781037911,P0083
C00201,Arjun Chopra,arjun.chopra@gmail.com,+91 7961033174,Careers site,2025-09-24 01:41:33,917961033174,P0084
C00225,Sneha Malhotra,sneha.malhotra@gmail.com,+91 9273842598,LinkedIn,2026-05-29 08:18:23,919273842598,P0085
C00157,Yash Bhatia,yash.bhatia@protonmail.com,+91 9574175595,Campus,2025-09-17 11:56:29,919574175595,P0086
C00014,Esha Malhotra,esha.malhotra@protonmail.com,+91 9653269920,LinkedIn,2026-04-07 11:14:12,919653269920,P0087
C00052,Nikhil Bansal,nikhil.bansal@gmail.com,+91 8939743374,Agency,2026-07-11 09:01:14,918939743374,P0088
C00431,Farhan Varma,farhan.varma@protonmail.com,+91 9491261781,Naukri,2025-11-23 16:29:23,919491261781,P0089
C00086,Nandini Malhotra,nandini.malhotra@yahoo.in,+91 7630956044,Naukri,2025-09-30 06:15:01,917630956044,P0090
C00464,Ritika Nair,ritika.nair@yahoo.in,+91 9281181783,LinkedIn,2026-03-10 11:47:00,919281181783,P0091
C00451,Aditi Menon,aditi.menon@outlook.com,+91 8000853060,Agency,2026-02-11 03:55:04,918000853060,P0092
C00112,Sanya Gupta,sanya.gupta@gmail.com,+91 7492864766,Agency,2025-12-08 00:44:56,917492864766,P0093
C00118,Harsh Kulkarni,harsh.kulkarni@protonmail.com,+91 9647786626,Referral,2025-09-11 07:03:41,919647786626,P0094
C00416,Zoya Reddy,zoya.reddy@protonmail.com,+91 7637428033,Campus,2026-05-19 08:07:20,917637428033,P0095
C00530,Yash Chopra,yash.chopra@outlook.com,+91 8725123298,Careers site,2026-07-08 09:07:50,918725123298,P0096
C00011,Jatin Nair,jatin.nair@outlook.com,+91 9798097558,Agency,2025-09-19 02:13:49,919798097558,P0097
C00263,Tanvi Jain,tanvi.jain@yahoo.in,+91 9081986669,Campus,2026-01-24 04:10:12,919081986669,P0098
C00136,Ridhi Bhatia,ridhi.bhatia@outlook.com,+91 7533573955,Agency,2025-10-07 03:00:03,917533573955,P0099
C00258,Ankit Jain,ankit.jain@outlook.com,+91 8973863106,Campus,2025-10-06 05:14:54,918973863106,P0100
C00286,Gaurav Bhatia,gaurav.bhatia@protonmail.com,+91 7282852288,Campus,2026-04-10 22:25:11,917282852288,P0101
C00348,Gaurav Agarwal,gaurav.agarwal@outlook.com,+91 8172859925,Naukri,2025-12-22 21:15:37,918172859925,P0102
C00077,Farhan Bansal,farhan.bansal@gmail.com,+91 9435738842,Careers site,2026-04-22 14:22:29,919435738842,P0103
C00161,Sanya Mehta,sanya.mehta@outlook.com,+91 7414226623,Campus,2025-10-28 13:40:31,917414226623,P0104
C00103,Sahil Sharma,sahil.sharma@gmail.com,+91 9423733456,Naukri,2025-10-17 17:45:51,919423733456,P0105
C00383,Yash Varma,yash.varma@gmail.com,+91 8931552283,Careers site,2025-11-13 22:12:15,918931552283,P0106
C00594,pranav jain,pranav.jain43@gmail.com,+91 9975133656,Agency,2026-01-06 23:10:47,919975133656,P0077
C00470,Manish Mehra,manish.mehra@outlook.com,+91 9572746957,LinkedIn,2025-10-20 17:04:51,919572746957,P0107
C00578,Sahil Sharma ,sahil.sharma74@yahoo.in,+91 8155357186,LinkedIn,2026-02-16 17:46:02,918155357186,P0029
C00490,Ritika Singh,ritika.singh@yahoo.in,+91 9476691296,Referral,2026-03-18 12:18:57,919476691296,P0108
C00536,Lakshmi Iyer,lakshmi.iyer@yahoo.in,+91 8829386822,LinkedIn,2025-11-08 06:03:47,918829386822,P0109
C00379,Ankit Iyer,ankit.iyer@yahoo.in,+91 9960797195,LinkedIn,2026-02-13 16:59:40,919960797195,P0110
C00456,Naveen Mehta,naveen.mehta@protonmail.com,+91 9552368907,Careers site,2026-01-03 23:54:58,919552368907,P0111
C00394,Bhavna Reddy,bhavna.reddy@protonmail.com,+91 8192060554,Referral,2025-10-05 04:06:45,918192060554,P0112
C00498,Ananya Saxena,ananya.saxena@protonmail.com,+91 9000186691,Naukri,2025-09-02 16:10:57,919000186691,P0113
C00471,Isha Saxena,isha.saxena@yahoo.in,+91 9130026902,Referral,2025-10-27 21:59:15,919130026902,P0114
C00255,Nandini Chauhan,nandini.chauhan@gmail.com,+91 7263189085,Naukri,2025-12-17 12:36:20,917263189085,P0115
C00496,Pranav Thakur,pranav.thakur@protonmail.com,+91 9175991197,Careers site,2026-03-28 07:55:48,919175991197,P0116
C00241,Pranav Gupta,pranav.gupta@outlook.com,+91 7773721928,Careers site,2026-05-20 16:07:06,917773721928,P0117
C00546,Manish Sharma,manish.sharma@gmail.com,+91 8152547952,Naukri,2026-04-06 12:11:33,918152547952,P0118
C00233,Esha Bansal,esha.bansal@protonmail.com,+91 7671796305,Referral,2026-03-14 17:55:41,917671796305,P0119
C00070,Anjali Agarwal,anjali.agarwal@outlook.com,+91 9486817212,Careers site,2026-01-15 20:53:39,919486817212,P0120
C00441,Gaurav Dutta,gaurav.dutta@outlook.com,+91 9332832726,Careers site,2025-10-27 15:41:29,919332832726,P0121
C00309,Naveen Iyer,naveen.iyer@gmail.com,+91 7665139287,LinkedIn,2025-11-29 18:14:38,917665139287,P0122
C00529,Sanya Bhatia,sanya.bhatia@outlook.com,+91 8580197372,Campus,2025-12-11 17:45:32,918580197372,P0123
C00003,Chirag Reddy,chirag.reddy@yahoo.in,+91 9573225020,Naukri,2026-07-29 07:59:07,919573225020,P0124
C00229,Meera Mehra,meera.mehra@yahoo.in,+91 9446317860,Naukri,2025-09-04 20:03:36,919446317860,P0125
C00198,Simran Saxena,simran.saxena@gmail.com,+91 9930521109,Agency,2026-07-31 22:31:59,919930521109,P0126
C00462,Siddharth Saxena,siddharth.saxena@yahoo.in,+91 8402173828,Referral,2026-07-15 00:02:52,918402173828,P0127
C00516,Sneha Malhotra,sneha.malhotra@protonmail.com,+91 7220538473,Referral,2026-04-12 15:46:46,917220538473,P0128
C00488,Tanvi Desai,tanvi.desai@gmail.com,+91 8673021973,LinkedIn,2025-09-18 23:00:53,918673021973,P0129
C00564,Divya  Verma,divya.verma78@outlook.com,+91 7556581640,Careers site,2025-12-28 12:15:22,917556581640,P0130
C00342,Ritika Chauhan,ritika.chauhan@gmail.com,+91 7077338700,Naukri,2026-07-24 20:55:42,917077338700,P0131
C00406,Aditi Dutta,aditi.dutta@gmail.com,+91 9704735392,Agency,2026-05-09 21:41:19,919704735392,P0132
C00197,Sahil Bansal,sahil.bansal@outlook.com,+91 8989428392,Naukri,2026-05-16 19:33:18,918989428392,P0133
C00506,Harsh Chauhan,harsh.chauhan@yahoo.in,+91 8314445652,LinkedIn,2025-12-19 03:12:03,918314445652,P0134
C00341,Aditi Gupta,aditi.gupta@gmail.com,+91 8747126331,Careers site,2026-04-18 21:40:38,918747126331,P0135
C00218,Ananya Sinha,ananya.sinha@outlook.com,+91 8305839922,LinkedIn,2026-03-23 23:43:37,918305839922,P0136
C00473,Bhavna Varma,bhavna.varma@protonmail.com,+91 7278179741,Careers site,2026-06-12 15:54:18,917278179741,P0137
C00199,Akash Sinha,akash.sinha@gmail.com,+91 7713322217,Agency,2026-04-04 12:00:39,917713322217,P0138
C00312,Nikhil Nair,nikhil.nair@yahoo.in,+91 8284646026,Referral,2026-04-20 09:52:24,918284646026,P0139
C00068,Pranav Rao,pranav.rao@protonmail.com,+91 9926037021,Referral,2026-05-15 08:18:21,919926037021,P0140
C00445,Tarun Mehta,tarun.mehta@protonmail.com,+91 9320673125,Referral,2026-03-09 13:44:26,919320673125,P0141
C00535,Shreya Kapoor,shreya.kapoor@protonmail.com,+91 9686772209,Referral,2026-02-08 17:53:13,919686772209,P0142
C00482,Aditya Khanna,aditya.khanna@outlook.com,+91 8257425338,LinkedIn,2025-10-21 07:50:56,918257425338,P0143
C00116,Deepak Menon,deepak.menon@yahoo.in,+91 8753261686,Agency,2026-07-19 01:26:31,918753261686,P0144
C00102,Kabir Jain,kabir.jain@yahoo.in,+91 8995979562,Campus,2026-04-17 08:24:49,918995979562,P0145
C00295,Rahul Patel,rahul.patel@protonmail.com,+91 7996066740,Referral,2025-11-09 19:51:55,917996066740,P0146
C00041,Aarav Menon,aarav.menon@outlook.com,+91 9825251572,Referral,2026-07-15 03:51:13,919825251572,P0147
C00250,Esha Saxena,esha.saxena@outlook.com,+91 9866153272,Agency,2025-11-04 22:43:16,919866153272,P0148
C00561,  Shreya Khanna ,shreya.khanna5@gmail.com,+91 7553627555,Naukri,2026-03-29 02:46:55,917553627555,P0149
C00259,Vikram Agarwal,vikram.agarwal@gmail.com,+91 8372437461,LinkedIn,2026-01-30 13:36:30,918372437461,P0002
C00093,Ananya Iyer,ananya.iyer@protonmail.com,+91 9278265310,Naukri,2026-07-07 04:28:41,919278265310,P0150
C00261,Nandini Dutta,nandini.dutta@outlook.com,+91 7092557899,Referral,2026-02-02 17:44:08,917092557899,P0151
C00269,Isha Bansal,isha.bansal@gmail.com,+91 8968875018,Referral,2026-03-13 18:38:10,918968875018,P0152
C00206,Tarun Chopra,tarun.chopra@protonmail.com,+91 7511018307,Referral,2025-10-17 08:52:18,917511018307,P0153
C00089,Bhavna Kapoor,bhavna.kapoor@outlook.com,+91 9492848991,Campus,2025-12-11 01:10:28,919492848991,P0154
C00059,Sneha Agarwal,sneha.agarwal@yahoo.in,+91 7339651837,Agency,2025-11-21 09:49:54,917339651837,P0155
C00446,Esha Reddy,esha.reddy@yahoo.in,+91 7614873514,Agency,2026-04-21 09:02:07,917614873514,P0156
C00400,Aditya Shetty,aditya.shetty@gmail.com,+91 9527933689,Careers site,2026-07-15 15:58:36,919527933689,P0157
C00042,Anjali Srivastava,anjali.srivastava@protonmail.com,+91 7577542707,Campus,2026-04-05 10:42:40,917577542707,P0050
C00037,Nandini Shetty,nandini.shetty@yahoo.in,+91 8829276469,Campus,2025-11-03 19:12:55,918829276469,P0158
C00109,Ritika Srivastava,ritika.srivastava@outlook.com,+91 7103188858,Agency,2026-01-22 14:59:08,917103188858,P0159
C00538,Simran Verma,simran.verma@gmail.com,+91 7109135756,LinkedIn,2026-02-12 01:25:54,917109135756,P0160
C00245,Vikram Patel,vikram.patel@gmail.com,+91 9718731858,LinkedIn,2025-12-17 02:47:23,919718731858,P0161
C00397,Uday Srivastava,uday.srivastava@outlook.com,+91 8672157398,Campus,2025-10-18 09:15:10,918672157398,P0162
C00088,Rohan Kapoor,rohan.kapoor@outlook.com,+91 9555292572,Careers site,2026-04-19 11:06:22,919555292572,P0163
C00426,Ishaan Sinha,ishaan.sinha@outlook.com,+91 7707234678,Referral,2026-04-01 10:57:10,917707234678,P0164
C00449,Ananya Bhatia,ananya.bhatia@gmail.com,+91 9897016101,LinkedIn,2026-04-14 13:14:43,919897016101,P0165
C00567,chirag chauhan,chirag.chauhan67@gmail.com,+91 9221577985,Referral,2026-03-09 11:27:53,919221577985,P0166
C00279,Tarun Bhatia,tarun.bhatia@outlook.com,+91 7317340359,Agency,2026-07-04 22:39:53,917317340359,P0167
C00410,Kavya Menon,kavya.menon@gmail.com,+91 9880942967,LinkedIn,2025-11-26 14:10:29,919880942967,P0168
C00203,Farhan Kapoor,farhan.kapoor@outlook.com,+91 8496985151,Careers site,2026-04-28 23:12:56,918496985151,P0169
C00444,Simran Mehta,simran.mehta@yahoo.in,+91 8442038472,LinkedIn,2025-11-03 19:43:15,918442038472,P0170
C00345,Deepak Chauhan,deepak.chauhan@outlook.com,+91 7184339604,Campus,2025-11-28 11:36:00,917184339604,P0171
C00302,Ishaan Nair,ishaan.nair@yahoo.in,+91 7665297092,Agency,2025-12-13 05:16:24,917665297092,P0172
C00343,Naveen Reddy,naveen.reddy@protonmail.com,+91 9179263200,Referral,2026-07-09 15:08:16,919179263200,P0173
C00590,shreya dutta,shreya.dutta5@protonmail.com,+91 8725479557,Referral,2026-02-23 19:50:47,918725479557,P0074
C00354,Rohan Jain,rohan.jain@gmail.com,+91 9535696738,Agency,2026-04-18 17:58:37,919535696738,P0174
C00569,Simran  Kulkarni,simran.kulkarni8@gmail.com,+91 9426284214,Agency,2025-10-21 10:37:26,919426284214,P0175
C00519,Ankit Kapoor,ankit.kapoor@gmail.com,+91 9021441671,Agency,2026-06-07 02:37:02,919021441671,P0176
C00298,Lakshmi Shetty,lakshmi.shetty@yahoo.in,+91 8518035318,Agency,2025-10-19 06:33:42,918518035318,P0177
C00476,Nikhil Patel,nikhil.patel@outlook.com,+91 9044732052,Naukri,2026-01-15 03:27:54,919044732052,P0178
C00562,Farhan Kapoor ,farhan.kapoor40@yahoo.in,+91 8070180554,Campus,2026-03-09 14:51:06,918070180554,P0179
C00270,Pooja Desai,pooja.desai@protonmail.com,+91 7184089334,Referral,2025-12-14 22:25:45,917184089334,P0180
C00220,Rajat Kapoor,rajat.kapoor@gmail.com,+91 8120815435,Referral,2026-02-05 06:34:14,918120815435,P0181
C00509,Uday Mehta,uday.mehta@yahoo.in,+91 9223030632,Careers site,2026-02-24 01:54:19,919223030632,P0182
C00016,Ankit Shetty,ankit.shetty@gmail.com,+91 7109160989,Agency,2025-11-20 14:04:20,917109160989,P0183
C00232,Aditya Saxena,aditya.saxena@outlook.com,+91 7127646540,Careers site,2026-07-01 16:32:31,917127646540,P0184
C00306,Nandini Shetty,nandini.shetty@yahoo.in,+91 7099767320,Referral,2026-06-25 03:57:43,917099767320,P0185
C00034,Gaurav Singh,gaurav.singh@yahoo.in,+91 7046457215,Campus,2026-04-22 11:43:46,917046457215,P0186
C00277,Rohan Shetty,rohan.shetty@protonmail.com,+91 8279142254,Campus,2025-11-08 23:10:29,918279142254,P0187
C00063,Tarun Bansal,tarun.bansal@outlook.com,+91 7560660725,LinkedIn,2026-05-05 00:50:59,917560660725,P0188
C00150,Rahul Iyer,rahul.iyer@gmail.com,+91 8092663172,Naukri,2026-05-19 21:48:01,918092663172,P0189
C00283,Farhan Singh,farhan.singh@yahoo.in,+91 8075183617,Referral,2026-03-11 10:18:19,918075183617,P0190
C00219,Simran Agarwal,simran.agarwal@outlook.com,+91 8689144290,Campus,2026-01-05 14:21:23,918689144290,P0191
C00101,Priya Bhatia,priya.bhatia@protonmail.com,+91 8933780974,Campus,2026-05-28 20:04:20,918933780974,P0192
C00035,Ritika Rao,ritika.rao@yahoo.in,+91 7834337149,Agency,2026-06-25 10:06:52,917834337149,P0193
C00495,Farhan Nair,farhan.nair@yahoo.in,+91 8650820514,Agency,2025-10-26 06:54:04,918650820514,P0194
C00276,Aditi Sinha,aditi.sinha@yahoo.in,+91 7281571185,Agency,2026-06-10 12:04:19,917281571185,P0195
C00523,Esha Chopra,esha.chopra@yahoo.in,+91 9323028181,Agency,2025-10-17 14:38:08,919323028181,P0196
C00479,Zoya Khanna,zoya.khanna@yahoo.in,+91 8217877748,Referral,2026-07-18 16:59:40,918217877748,P0197
C00465,Deepak Agarwal,deepak.agarwal@outlook.com,+91 8175892412,Naukri,2026-03-01 04:08:08,918175892412,P0198
C00054,Jatin Verma,jatin.verma@outlook.com,+91 9461812126,Campus,2026-05-20 23:15:38,919461812126,P0199
C00204,Ananya Reddy,ananya.reddy@gmail.com,+91 7803998929,Campus,2026-03-26 19:12:07,917803998929,P0200
C00252,Shreya Srivastava,shreya.srivastava@gmail.com,+91 8571329349,Campus,2026-04-14 15:09:07,918571329349,P0201
C00281,Naveen Agarwal,naveen.agarwal@outlook.com,+91 9948760383,Careers site,2025-12-20 18:13:18,919948760383,P0202
C00060,Neha Srivastava,neha.srivastava@gmail.com,+91 7323545109,Agency,2025-10-06 18:30:21,917323545109,P0203
C00108,Sneha Singh,sneha.singh@outlook.com,+91 9544268551,Agency,2026-01-09 01:33:54,919544268551,P0204
C00558,Aarav Kapoor,aarav.kapoor@yahoo.in,+91 9766626162,Naukri,2025-09-05 22:53:13,919766626162,P0205
C00534,Rohan Sinha,rohan.sinha@yahoo.in,+91 8315894208,Careers site,2025-11-12 19:23:04,918315894208,P0206
C00187,Karthik Bansal,karthik.bansal@gmail.com,+91 7884053241,Naukri,2026-02-25 10:35:59,917884053241,P0207
C00593,  Nandini Desai ,nandini.desai61@yahoo.in,+91 9677052429,LinkedIn,2026-06-07 01:54:04,919677052429,P0208
C00454,Rohan Chauhan,rohan.chauhan@yahoo.in,+91 8422968893,Agency,2026-01-22 17:52:12,918422968893,P0209
C00503,Aditi Agarwal,aditi.agarwal@protonmail.com,+91 7176753295,Careers site,2025-12-12 00:32:28,917176753295,P0210
C00028,Sanya Srivastava,sanya.srivastava@outlook.com,+91 9222172377,Naukri,2025-09-11 12:26:53,919222172377,P0211
C00404,Sahil Rao,sahil.rao@outlook.com,+91 8696498050,Campus,2025-12-17 16:49:32,918696498050,P0212
C00002,Deepak Menon,deepak.menon@gmail.com,+91 7105223417,LinkedIn,2026-01-22 23:50:10,917105223417,P0213
C00183,Nikhil Menon,nikhil.menon@outlook.com,+91 8804846501,LinkedIn,2025-12-16 13:13:33,918804846501,P0214
C00202,Aditi Saxena,aditi.saxena@protonmail.com,+91 8962461635,Campus,2025-10-23 03:45:02,918962461635,P0215
C00357,Gaurav Iyer,gaurav.iyer@yahoo.in,+91 9141712774,Careers site,2025-09-02 01:37:36,919141712774,P0216
C00373,Arjun Thakur,arjun.thakur@gmail.com,+91 8021598389,Campus,2025-11-04 09:29:31,918021598389,P0217
C00502,Sneha Jain,sneha.jain@protonmail.com,+91 7236178854,Referral,2026-02-16 03:57:38,917236178854,P0218
C00542,Neha Singh,neha.singh@yahoo.in,+91 7881778844,Careers site,2025-11-10 03:06:58,917881778844,P0219
C00370,Siddharth Sinha,siddharth.sinha@yahoo.in,+91 8484576618,LinkedIn,2026-05-15 14:11:44,918484576618,P0220
C00525,Siddharth Mehta,siddharth.mehta@protonmail.com,+91 8691221913,Campus,2026-07-26 20:27:31,918691221913,P0221
C00280,Lakshmi Kulkarni,lakshmi.kulkarni@protonmail.com,+91 9169410813,LinkedIn,2026-04-05 14:17:42,919169410813,P0222
C00304,Chirag Chauhan,chirag.chauhan@gmail.com,+91 8524468183,Referral,2025-09-13 18:24:48,918524468183,P0223
C00095,Simran Thakur,simran.thakur@yahoo.in,+91 7960636951,Agency,2025-10-11 20:03:15,917960636951,P0224
C00210,Rajat Shetty,rajat.shetty@gmail.com,+91 7959358284,LinkedIn,2025-12-12 10:03:37,917959358284,P0032
C00467,Zoya Malhotra,zoya.malhotra@outlook.com,+91 7579284464,Careers site,2026-01-28 09:00:17,917579284464,P0225
C00413,Ritika Iyer,ritika.iyer@yahoo.in,+91 8935168219,Careers site,2026-06-16 04:23:01,918935168219,P0226
C00278,Farhan Kapoor,farhan.kapoor@protonmail.com,+91 8070180554,Careers site,2026-01-21 14:51:06,918070180554,P0179
C00222,Chirag Kapoor,chirag.kapoor@protonmail.com,+91 8977120149,Careers site,2025-09-11 02:15:41,918977120149,P0227
C00039,Ridhi Rao,ridhi.rao@outlook.com,+91 9998428029,Agency,2026-07-03 13:13:21,919998428029,P0228
C00167,Jatin Desai,jatin.desai@protonmail.com,+91 9292353000,Campus,2026-04-24 18:05:18,919292353000,P0229
C00439,Ishaan Kapoor,ishaan.kapoor@gmail.com,+91 7056619052,Campus,2025-11-27 04:47:34,917056619052,P0230
C00477,Kabir Bansal,kabir.bansal@yahoo.in,+91 7610160896,LinkedIn,2025-11-26 17:40:59,917610160896,P0231
C00296,Vikram Bansal,vikram.bansal@yahoo.in,+91 8465438996,Campus,2025-12-18 11:48:38,918465438996,P0232
C00317,Kabir Iyer,kabir.iyer@yahoo.in,+91 7222335134,Naukri,2026-07-15 12:27:22,917222335134,P0233
C00366,Vikram Sharma,vikram.sharma@outlook.com,+91 7139026877,Referral,2026-04-11 04:14:05,917139026877,P0234
C00271,Shreya Rao,shreya.rao@gmail.com,+91 7259138428,LinkedIn,2026-01-26 15:52:20,917259138428,P0235
C00244,Pranav Malhotra,pranav.malhotra@outlook.com,+91 9994342857,Referral,2026-06-29 07:05:50,919994342857,P0236
C00333,Gaurav Mehra,gaurav.mehra@gmail.com,+91 8410178404,Campus,2025-09-13 12:30:37,918410178404,P0237
C00031,Ishaan Mehra,ishaan.mehra@yahoo.in,+91 9056315706,Referral,2026-04-22 21:53:59,919056315706,P0238
C00332,Nikhil Varma,nikhil.varma@protonmail.com,+91 8770367884,Careers site,2026-07-26 14:13:02,918770367884,P0071
C00069,Sneha Bansal,sneha.bansal@protonmail.com,+91 7513775812,Referral,2025-09-04 14:19:48,917513775812,P0239
C00572,kavya dutta,kavya.dutta60@gmail.com,+91 7941354706,LinkedIn,2026-05-31 08:00:11,917941354706,P0240
C00548,Anjali Menon,anjali.menon@gmail.com,+91 9801018749,Campus,2026-04-19 10:21:58,919801018749,P0241
C00528,Ritika Menon,ritika.menon@outlook.com,+91 9560027002,Agency,2026-07-26 05:12:19,919560027002,P0242
C00420,Karthik Thakur,karthik.thakur@gmail.com,+91 8957250936,Agency,2025-09-14 14:04:51,918957250936,P0243
C00331,Kabir Sinha,kabir.sinha@protonmail.com,+91 9857887966,Agency,2025-09-30 19:34:11,919857887966,P0244
C00377,Ridhi Rao,ridhi.rao@gmail.com,+91 8957225345,LinkedIn,2025-12-27 02:28:59,918957225345,P0245
C00049,Jatin Singh,jatin.singh@outlook.com,+91 8509615201,Careers site,2025-12-22 14:20:47,918509615201,P0246
C00520,Sahil Patel,sahil.patel@outlook.com,+91 9900375629,Campus,2026-05-07 06:05:10,919900375629,P0247
C00044,Ananya Mehra,ananya.mehra@outlook.com,+91 9884387979,Careers site,2026-05-22 05:47:13,919884387979,P0248
C00371,Kavya Desai,kavya.desai@outlook.com,+91 9891557202,LinkedIn,2025-11-17 02:06:30,919891557202,P0249
C00521,Aarav Mehta,aarav.mehta@protonmail.com,+91 8853076469,LinkedIn,2026-04-18 10:59:24,918853076469,P0250
C00078,Harsh Rao,harsh.rao@yahoo.in,+91 7737629426,Campus,2025-09-02 09:04:41,917737629426,P0251
C00395,Varun Varma,varun.varma@gmail.com,+91 7483078140,Campus,2026-07-24 09:34:05,917483078140,P0252
C00067,Uday Nair,uday.nair@protonmail.com,+91 8862783459,Careers site,2026-03-13 12:50:28,918862783459,P0253
C00267,Ritika Rao,ritika.rao@protonmail.com,+91 9291944342,LinkedIn,2025-09-27 23:14:20,919291944342,P0254
C00504,Yash Mehra,yash.mehra@gmail.com,+91 9578261061,Naukri,2026-06-06 03:55:26,919578261061,P0255
C00334,Gaurav Nair,gaurav.nair@gmail.com,+91 7932874649,LinkedIn,2026-04-01 04:59:40,917932874649,P0256
C00196,Aditya Kapoor,aditya.kapoor@outlook.com,+91 9785780820,Campus,2026-06-08 08:42:22,919785780820,P0257
C00463,Varun Kulkarni,varun.kulkarni@yahoo.in,+91 8019893101,Referral,2026-01-20 12:17:50,918019893101,P0258
C00186,Uday Thakur,uday.thakur@protonmail.com,+91 7012161013,Naukri,2026-01-14 08:51:54,917012161013,P0259
C00090,Tanvi Verma,tanvi.verma@yahoo.in,+91 7909711797,Referral,2025-12-20 05:56:15,917909711797,P0260
C00179,Aarav Gupta,aarav.gupta@gmail.com,+91 7213629410,LinkedIn,2025-11-21 13:52:03,917213629410,P0261
C00107,Aarav Thakur,aarav.thakur@outlook.com,+91 9360258404,Referral,2025-10-03 03:58:38,919360258404,P0262
C00094,Jatin Mehta,jatin.mehta@protonmail.com,+91 7731957043,LinkedIn,2026-06-27 19:01:14,917731957043,P0263
C00576,  Naveen Agarwal ,naveen.agarwal29@protonmail.com,+91 9948760383,Agency,2026-02-18 18:13:18,919948760383,P0202
C00514,Aditya Iyer,aditya.iyer@yahoo.in,+91 9282641360,Agency,2025-12-29 00:28:38,919282641360,P0264
C00168,Harsh Mehta,harsh.mehta@yahoo.in,+91 8403897551,Naukri,2026-03-08 01:57:22,918403897551,P0265
C00110,Naveen Srivastava,naveen.srivastava@protonmail.com,+91 8025052044,Agency,2026-07-29 15:53:42,918025052044,P0266
C00021,Ishaan Mehra,ishaan.mehra@gmail.com,+91 8635584753,LinkedIn,2025-09-06 08:50:51,918635584753,P0267
C00156,Arjun Jain,arjun.jain@outlook.com,+91 8853395651,Careers site,2026-05-23 07:36:32,918853395651,P0268
C00184,Harsh Thakur,harsh.thakur@protonmail.com,+91 8293338842,Naukri,2026-02-18 06:16:21,918293338842,P0269
C00224,Pooja Sinha,pooja.sinha@yahoo.in,+91 7313347691,Naukri,2025-10-26 03:15:21,917313347691,P0270
C00145,Manish Iyer,manish.iyer@gmail.com,+91 8396418880,Campus,2025-12-26 07:08:54,918396418880,P0271
C00583,Harsh  Bhatia,harsh.bhatia76@gmail.com,+91 8949325804,Careers site,2026-01-15 10:19:15,918949325804,P0272
C00563,ARJUN CHOPRA,arjun.chopra10@protonmail.com,+91 7961033174,Referral,2025-11-16 01:41:33,917961033174,P0084
C00297,Nikhil Reddy,nikhil.reddy@protonmail.com,+91 7579487402,Campus,2026-05-16 03:39:49,917579487402,P0273
C00597,tarun mehta,tarun.mehta92@protonmail.com,+91 9320673125,LinkedIn,2026-06-21 13:44:26,919320673125,P0141
C00149,Arjun Verma,arjun.verma@yahoo.in,+91 9480511886,Campus,2025-12-13 18:45:15,919480511886,P0274
C00019,Nandini Mehta,nandini.mehta@protonmail.com,+91 9562931933,Naukri,2025-11-09 12:00:35,919562931933,P0275
C00148,Manish Patel,manish.patel@yahoo.in,+91 7305997329,Agency,2026-04-08 15:24:35,917305997329,P0276
C00364,Naveen Kulkarni,naveen.kulkarni@outlook.com,+91 9802514585,Referral,2025-10-03 23:00:43,919802514585,P0277
C00550,Vikram Rao,vikram.rao@gmail.com,+91 7552543693,Agency,2025-12-01 04:29:01,917552543693,P0278
C00374,Anjali Desai,anjali.desai@protonmail.com,+91 7857434488,Agency,2026-06-26 10:37:40,917857434488,P0279
C00560,Uday Verma,uday.verma@gmail.com,+91 8947772272,Agency,2025-12-06 08:15:07,918947772272,P0280
C00423,Pranav Chauhan,pranav.chauhan@protonmail.com,+91 9531979862,Naukri,2026-07-24 18:42:19,919531979862,P0281
C00584,BHAVNA SRIVASTAVA,bhavna.srivastava9@yahoo.in,+91 7189873835,LinkedIn,2026-07-27 10:13:11,917189873835,P0282
C00512,Aarav Varma,aarav.varma@yahoo.in,+91 7310846163,Agency,2025-10-04 11:08:46,917310846163,P0283
C00285,Tanvi Singh,tanvi.singh@protonmail.com,+91 8451247219,Campus,2025-09-15 12:35:42,918451247219,P0284
C00513,Pranav Bansal,pranav.bansal@gmail.com,+91 8333986627,Campus,2026-01-13 03:45:21,918333986627,P0285
C00240,Kavya Nair,kavya.nair@yahoo.in,+91 8723323114,Careers site,2025-09-19 17:36:39,918723323114,P0286
C00212,Tanvi Chopra,tanvi.chopra@protonmail.com,+91 8287075603,Naukri,2025-11-05 08:59:51,918287075603,P0287
C00215,Aditya Reddy,aditya.reddy@yahoo.in,+91 8545148251,Careers site,2025-10-21 16:09:29,918545148251,P0288
C00091,Isha Singh,isha.singh@protonmail.com,+91 7533644888,LinkedIn,2025-12-27 05:15:29,917533644888,P0289
C00036,Pooja Agarwal,pooja.agarwal@gmail.com,+91 9212965143,Campus,2026-06-18 08:54:07,919212965143,P0290
C00344,Divya Verma,divya.verma@protonmail.com,+91 8972564757,Referral,2026-01-28 00:26:00,918972564757,P0291
C00483,Gaurav Khanna,gaurav.khanna@outlook.com,+91 8337977306,LinkedIn,2025-10-05 12:08:18,918337977306,P0292
C00358,Siddharth Mehra,siddharth.mehra@outlook.com,+91 7687280048,Naukri,2026-05-13 12:30:39,917687280048,P0293
C00009,Karthik Agarwal,karthik.agarwal@gmail.com,+91 7233945024,LinkedIn,2026-04-20 03:05:55,917233945024,P0294
C00582,SHREYA REDDY,shreya.reddy92@outlook.com,+91 7125137561,Naukri,2026-08-13 16:26:01,917125137561,P0295
C00308,Esha Khanna,esha.khanna@outlook.com,+91 9518221048,LinkedIn,2026-02-26 13:00:28,919518221048,P0296
C00247,Isha Bansal,isha.bansal@gmail.com,+91 8353558939,Naukri,2026-01-18 10:19:44,918353558939,P0297
C00580,PRIYA THAKUR,priya.thakur44@protonmail.com,+91 7139846838,LinkedIn,2026-06-24 16:56:36,917139846838,P0298
C00082,Uday Chopra,uday.chopra@gmail.com,+91 8895649675,Campus,2025-11-26 13:03:44,918895649675,P0299
C00096,Chirag Bhatia,chirag.bhatia@gmail.com,+91 9357982164,Campus,2026-02-11 12:27:33,919357982164,P0300
C00114,Siddharth Rao,siddharth.rao@yahoo.in,+91 8313764026,Careers site,2026-07-15 10:07:20,918313764026,P0301
C00026,Kabir Jain,kabir.jain@yahoo.in,+91 9044844550,Naukri,2026-01-18 12:59:44,919044844550,P0302
C00545,Ankit Menon,ankit.menon@gmail.com,+91 9651655942,Naukri,2025-12-31 07:03:41,919651655942,P0303
C00601,LAKSHMI DUTTA,lakshmi.dutta27@outlook.com,+91 7359057461,Referral,2026-07-25 12:27:24,917359057461,P0049
C00501,Nandini Desai,nandini.desai@gmail.com,+91 8327169509,LinkedIn,2025-11-21 08:18:04,918327169509,P0304
C00369,Rohan Srivastava,rohan.srivastava@yahoo.in,+91 8489251560,Naukri,2025-10-14 04:38:31,918489251560,P0305
C00032,Divya Verma,divya.verma@gmail.com,+91 8728228786,Campus,2026-04-10 01:54:57,918728228786,P0306
C00571,SIDDHARTH MEHRA,siddharth.mehra2@outlook.com,+91 7687280048,LinkedIn,2026-06-21 12:30:39,917687280048,P0293
C00486,Nandini Bhatia,nandini.bhatia@protonmail.com,+91 8911677347,Naukri,2025-11-27 23:04:41,918911677347,P0307
C00570,SIMRAN SINHA,simran.sinha82@yahoo.in,+91 7587431618,Agency,2026-04-07 00:04:59,917587431618,P0308
C00153,Chirag Rao,chirag.rao@protonmail.com,+91 8999299257,Careers site,2026-01-20 12:12:35,918999299257,P0309
C00074,Siddharth Agarwal,siddharth.agarwal@outlook.com,+91 7053792578,Careers site,2025-10-04 06:14:34,917053792578,P0310
C00234,Varun Kapoor,varun.kapoor@protonmail.com,+91 8941086970,LinkedIn,2026-04-08 13:41:21,918941086970,P0311
C00221,Rajat Sinha,rajat.sinha@outlook.com,+91 8936059516,Campus,2026-02-14 13:52:28,918936059516,P0312
C00547,Ishaan Kapoor,ishaan.kapoor@protonmail.com,+91 8899450225,Campus,2025-12-08 18:20:50,918899450225,P0313
C00468,Pooja Rao,pooja.rao@yahoo.in,+91 7001337671,Careers site,2026-04-23 04:22:03,917001337671,P0314
C00119,Sahil Menon,sahil.menon@gmail.com,+91 8201098367,Careers site,2026-04-25 21:26:36,918201098367,P0315
C00559,Chirag Reddy,chirag.reddy@gmail.com,+91 8283366589,Agency,2026-03-07 20:58:00,918283366589,P0316
C00494,Simran Sharma,simran.sharma@protonmail.com,+91 9887654976,Careers site,2026-05-31 19:36:16,919887654976,P0317
C00072,Lakshmi Bhatia,lakshmi.bhatia@protonmail.com,+91 8519689792,Referral,2026-07-07 17:53:43,918519689792,P0318
C00079,Lakshmi Singh,lakshmi.singh@gmail.com,+91 7009862467,LinkedIn,2026-02-22 10:20:20,917009862467,P0319
C00020,Nandini Desai,nandini.desai@yahoo.in,+91 9489769450,Careers site,2025-09-20 07:58:09,919489769450,P0320
C00015,Aarav Kapoor,aarav.kapoor@yahoo.in,+91 9092030853,Referral,2026-01-18 13:00:27,919092030853,P0321
C00372,Akash Thakur,akash.thakur@yahoo.in,+91 9737547928,Campus,2026-03-05 12:02:00,919737547928,P0322
C00292,Arjun Dutta,arjun.dutta@protonmail.com,+91 7043146171,Agency,2025-11-30 21:12:13,917043146171,P0323
C00487,Rajat Rao,rajat.rao@protonmail.com,+91 9039055211,Referral,2026-03-08 13:27:37,919039055211,P0324
C00600,naveen bansal,naveen.bansal54@protonmail.com,+91 7719291733,Naukri,2026-10-03 21:21:12,917719291733,P0325
C00540,Kabir Dutta,kabir.dutta@protonmail.com,+91 8070293489,Careers site,2026-04-24 04:27:45,918070293489,P0326
C00139,Kavya Dutta,kavya.dutta@yahoo.in,+91 7941354706,Campus,2026-02-26 08:00:11,917941354706,P0240
C00350,Anjali Varma,anjali.varma@protonmail.com,+91 9157880793,Referral,2026-03-25 10:24:37,919157880793,P0327
C00189,Anjali Kulkarni,anjali.kulkarni@protonmail.com,+91 9256710941,Campus,2026-06-22 13:10:30,919256710941,P0328
C00415,Isha Mehta,isha.mehta@outlook.com,+91 7262459858,Careers site,2026-04-10 19:06:56,917262459858,P0329
C00599,priya sinha,priya.sinha67@yahoo.in,+91 7792774133,Referral,2026-09-20 14:57:54,917792774133,P0330
C00325,Ridhi Kulkarni,ridhi.kulkarni@yahoo.in,+91 7084941874,Careers site,2026-01-21 02:11:54,917084941874,P0331
C00315,Nandini Varma,nandini.varma@protonmail.com,+91 7401599925,Agency,2026-05-06 16:38:00,917401599925,P0332
C00385,Chirag Gupta,chirag.gupta@yahoo.in,+91 7723772773,Naukri,2025-11-13 08:00:11,917723772773,P0333
C00122,Kavya Mehra,kavya.mehra@protonmail.com,+91 9402578819,Agency,2025-11-29 18:56:39,919402578819,P0334
C00527,Manish Bhatia,manish.bhatia@yahoo.in,+91 9472277855,Referral,2025-12-27 21:18:29,919472277855,P0335
C00592,SANYA AGARWAL,sanya.agarwal76@gmail.com,+91 7935926784,Naukri,2026-06-14 05:35:14,917935926784,P0026
C00453,Deepak Verma,deepak.verma@protonmail.com,+91 8885246565,Referral,2026-06-07 04:54:30,918885246565,P0336
C00007,Yash Agarwal,yash.agarwal@protonmail.com,+91 8943947732,Naukri,2026-06-10 05:56:50,918943947732,P0337
C00111,Harsh Nair,harsh.nair@gmail.com,+91 9758569240,Referral,2026-07-01 14:32:02,919758569240,P0338
C00173,Anjali Mehta,anjali.mehta@protonmail.com,+91 9637254790,Agency,2026-02-23 09:11:02,919637254790,P0339
C00417,Rahul Iyer,rahul.iyer@gmail.com,+91 8537462683,Naukri,2025-12-10 23:33:08,918537462683,P0340
C00192,Uday Reddy,uday.reddy@gmail.com,+91 7985474878,LinkedIn,2026-06-01 13:48:08,917985474878,P0341
C00085,Aditya Jain,aditya.jain@yahoo.in,+91 9240295593,Campus,2026-03-25 20:14:07,919240295593,P0342
C00193,Anjali Mehta,anjali.mehta@outlook.com,+91 8005274979,Referral,2026-06-08 02:59:49,918005274979,P0343
C00480,Kabir Varma,kabir.varma@protonmail.com,+91 7261435954,Careers site,2026-06-02 16:17:28,917261435954,P0344
C00073,Divya Patel,divya.patel@gmail.com,+91 7041399495,Campus,2026-05-17 06:32:31,917041399495,P0345
C00057,Bhavna Kulkarni,bhavna.kulkarni@outlook.com,+91 7582748076,LinkedIn,2026-05-04 14:05:02,917582748076,P0346
C00429,Zoya Sharma,zoya.sharma@protonmail.com,+91 8149865717,Campus,2025-12-31 09:01:02,918149865717,P0347
C00205,Divya Rao,divya.rao@protonmail.com,+91 7306342923,Agency,2026-02-08 06:26:30,917306342923,P0348
C00474,Tanvi Singh,tanvi.singh@yahoo.in,+91 8487558821,Careers site,2026-03-25 05:09:20,918487558821,P0349
C00346,Aditya Iyer,aditya.iyer@yahoo.in,+91 7033258390,LinkedIn,2026-03-28 01:33:31,917033258390,P0350
C00141,Shreya Gupta,shreya.gupta@gmail.com,+91 8325211744,LinkedIn,2025-11-24 16:08:13,918325211744,P0351
C00117,Manish Mehta,manish.mehta@protonmail.com,+91 9638316412,Naukri,2026-01-02 01:16:56,919638316412,P0352
C00511,Neha Agarwal,neha.agarwal@outlook.com,+91 9013248621,Referral,2026-01-10 17:29:14,919013248621,P0353
C00376,Aditi Malhotra,aditi.malhotra@yahoo.in,+91 8063752596,Campus,2025-11-21 05:36:40,918063752596,P0354
C00123,Sahil Bhatia,sahil.bhatia@outlook.com,+91 8786494026,Referral,2026-06-24 11:30:44,918786494026,P0355
C00159,Sneha Khanna,sneha.khanna@yahoo.in,+91 7696163890,LinkedIn,2026-03-14 03:48:55,917696163890,P0356
C00100,Yash Malhotra,yash.malhotra@gmail.com,+91 8247329538,Referral,2026-04-25 10:08:48,918247329538,P0357
C00425,Gaurav Gupta,gaurav.gupta@outlook.com,+91 8019310879,Careers site,2026-07-30 03:27:20,918019310879,P0358
C00405,Sneha Bansal,sneha.bansal@yahoo.in,+91 7750124849,Campus,2025-11-16 17:05:48,917750124849,P0359
C00275,Esha Rao,esha.rao@gmail.com,+91 9292916883,LinkedIn,2025-09-28 19:12:30,919292916883,P0360
C00293,Sneha Agarwal,sneha.agarwal@outlook.com,+91 9113174671,Naukri,2026-07-24 16:03:47,919113174671,P0361
C00177,Bhavna Bansal,bhavna.bansal@gmail.com,+91 7546255072,Careers site,2026-03-15 08:21:07,917546255072,P0362
C00422,Isha Malhotra,isha.malhotra@gmail.com,+91 7940131678,LinkedIn,2025-09-17 20:01:10,917940131678,P0363
C00565,NEHA CHAUHAN,neha.chauhan29@gmail.com,+91 8456957252,Naukri,2026-05-16 09:58:22,918456957252,P0364
C00407,Isha Kapoor,isha.kapoor@protonmail.com,+91 7664558508,Campus,2026-05-02 09:10:48,917664558508,P0365
C00147,Karthik Verma,karthik.verma@gmail.com,+91 9982489786,Naukri,2026-02-10 23:18:08,919982489786,P0366
C00497,Anjali Agarwal,anjali.agarwal@outlook.com,+91 9025177628,Naukri,2026-04-04 00:41:47,919025177628,P0367
C00349,Meera Bhatia,meera.bhatia@outlook.com,+91 9014365754,Referral,2026-04-10 10:26:56,919014365754,P0368
C00524,Karthik Singh,karthik.singh@outlook.com,+91 8971017370,Naukri,2026-05-04 17:07:25,918971017370,P0369
C00066,Aarav Iyer,aarav.iyer@protonmail.com,+91 8192539820,LinkedIn,2025-11-20 02:18:01,918192539820,P0370
C00361,Anjali Chopra,anjali.chopra@yahoo.in,+91 7530071704,Careers site,2026-03-26 14:16:57,917530071704,P0371
C00596,Shreya  Gupta,shreya.gupta26@yahoo.in,+91 8325211744,Campus,2026-03-18 16:08:13,918325211744,P0351
C00432,Harsh Bansal,harsh.bansal@gmail.com,+91 9131376295,Referral,2025-09-25 05:22:53,919131376295,P0372
C00083,Nandini Agarwal,nandini.agarwal@yahoo.in,+91 9530966207,Agency,2025-10-15 06:55:21,919530966207,P0373
C00375,Tarun Mehra,tarun.mehra@protonmail.com,+91 9786898373,Campus,2026-05-23 19:56:49,919786898373,P0374
C00518,Simran Kulkarni,simran.kulkarni@gmail.com,+91 8470547346,Campus,2026-02-05 18:47:27,918470547346,P0375
C00075,Aarav Malhotra,aarav.malhotra@gmail.com,+91 8833964167,Campus,2025-11-23 11:01:15,918833964167,P0376
C00555,Jatin Shetty,jatin.shetty@gmail.com,+91 9526438169,Careers site,2026-02-24 13:02:09,919526438169,P0377
C00106,Sneha Sinha,sneha.sinha@yahoo.in,+91 8164265404,Agency,2026-03-29 12:58:19,918164265404,P0378
C00378,Rahul Iyer,rahul.iyer@gmail.com,+91 8914220369,Campus,2025-10-13 23:22:29,918914220369,P0379
C00408,Aditya Khanna,aditya.khanna@yahoo.in,+91 8285697710,Campus,2026-05-20 14:41:38,918285697710,P0380
C00389,Priya Reddy,priya.reddy@gmail.com,+91 9183836931,Campus,2025-09-23 14:49:13,919183836931,P0381
C00510,Lakshmi Malhotra,lakshmi.malhotra@protonmail.com,+91 8779048725,Referral,2026-01-27 01:09:25,918779048725,P0382
C00459,Sneha Nair,sneha.nair@yahoo.in,+91 8409279286,Agency,2026-01-21 07:03:47,918409279286,P0383
C00287,Ridhi Menon,ridhi.menon@gmail.com,+91 9014237852,Agency,2026-03-09 04:21:28,919014237852,P0384
C00391,Uday Dutta,uday.dutta@yahoo.in,+91 8127282836,LinkedIn,2025-12-02 15:17:46,918127282836,P0385
C00414,Arjun Chopra,arjun.chopra@outlook.com,+91 7334317547,Agency,2026-06-23 22:01:56,917334317547,P0386
C00236,Simran Sinha,simran.sinha@outlook.com,+91 7587431618,Referral,2025-12-25 00:04:59,917587431618,P0308
C00237,Ritika Chauhan,ritika.chauhan@outlook.com,+91 7513039761,Naukri,2026-01-29 11:17:18,917513039761,P0387
C00165,Pooja Srivastava,pooja.srivastava@gmail.com,+91 9897512450,Naukri,2025-11-11 04:03:53,919897512450,P0388
C00038,Neha Chauhan,neha.chauhan@outlook.com,+91 8456957252,Referral,2026-03-10 09:58:22,918456957252,P0364
C00305,Neha Saxena,neha.saxena@protonmail.com,+91 8345733036,Agency,2026-07-07 11:39:04,918345733036,P0389
C00174,Kavya Mehra,kavya.mehra@yahoo.in,+91 9374315263,Referral,2026-03-02 14:24:27,919374315263,P0390
C00235,Manish Sharma,manish.sharma@protonmail.com,+91 7762886039,Careers site,2025-12-23 15:27:55,917762886039,P0391
C00030,Arjun Singh,arjun.singh@gmail.com,+91 9468877185,Careers site,2026-04-19 23:42:17,919468877185,P0392
C00137,Ankit Mehta,ankit.mehta@protonmail.com,+91 8939730577,Referral,2026-01-02 03:55:11,918939730577,P0393
C00135,Sanya Srivastava,sanya.srivastava@protonmail.com,+91 8770139679,Referral,2025-12-31 00:45:09,918770139679,P0394
C00329,Naveen Mehra,naveen.mehra@outlook.com,+91 9754653360,Agency,2025-10-28 13:19:57,919754653360,P0395
C00291,Ishaan Varma,ishaan.varma@outlook.com,+91 8461375572,Campus,2026-07-01 05:31:30,918461375572,P0396
C00180,Akash Malhotra,akash.malhotra@gmail.com,+91 9289225677,Naukri,2025-10-15 22:48:15,919289225677,P0397
C00242,Varun Kulkarni,varun.kulkarni@outlook.com,+91 8003489073,Careers site,2026-05-03 00:23:24,918003489073,P0398
C00381,Tarun Jain,tarun.jain@outlook.com,+91 7663886722,Careers site,2025-12-20 05:21:20,917663886722,P0399
C00160,Deepak Mehra,deepak.mehra@gmail.com,+91 7703781557,Referral,2026-03-26 14:47:50,917703781557,P0019
C00539,Neha Dutta,neha.dutta@outlook.com,+91 9323472216,Campus,2026-05-13 03:35:16,919323472216,P0400
C00326,Harsh Bansal,harsh.bansal@protonmail.com,+91 9857657090,Agency,2026-05-15 19:15:02,919857657090,P0401
C00398,Ritika Kulkarni,ritika.kulkarni@yahoo.in,+91 8744913105,Referral,2026-05-06 17:36:27,918744913105,P0402
C00533,Varun Jain,varun.jain@outlook.com,+91 8783239732,Naukri,2025-09-21 08:30:15,918783239732,P0403
C00155,Arjun Bhatia,arjun.bhatia@yahoo.in,+91 7002140134,Agency,2026-07-25 16:57:13,917002140134,P0404
C00403,Ishaan Rao,ishaan.rao@yahoo.in,+91 7212699046,Naukri,2026-06-17 19:39:11,917212699046,P0405
C00452,Kavya Chauhan,kavya.chauhan@protonmail.com,+91 8778864671,Naukri,2026-02-06 22:29:07,918778864671,P0406
C00440,Neha Chauhan,neha.chauhan@outlook.com,+91 7537740675,Campus,2025-10-24 00:27:17,917537740675,P0057
C00171,Anjali Sharma,anjali.sharma@yahoo.in,+91 7029734181,Agency,2026-07-16 15:10:07,917029734181,P0407
C00257,Isha Mehta,isha.mehta@outlook.com,+91 9261278253,Agency,2026-02-18 11:23:42,919261278253,P0408
C00274,Nandini Nair,nandini.nair@yahoo.in,+91 8249095748,Agency,2026-02-17 06:57:16,918249095748,P0409
C00458,Ishaan Nair,ishaan.nair@yahoo.in,+91 7457718340,Agency,2025-09-02 02:50:33,917457718340,P0410
C00552,Rajat Nair,rajat.nair@yahoo.in,+91 9255421863,LinkedIn,2025-10-15 01:16:22,919255421863,P0411
C00384,Nikhil Reddy,nikhil.reddy@gmail.com,+91 7337625965,Naukri,2026-04-30 15:58:30,917337625965,P0412
C00412,Ishaan Menon,ishaan.menon@outlook.com,+91 8843771011,Careers site,2026-02-26 09:58:25,918843771011,P0413
C00264,Tanvi Dutta,tanvi.dutta@outlook.com,+91 8685999775,LinkedIn,2026-05-08 21:11:37,918685999775,P0414
C00396,Vikram Srivastava,vikram.srivastava@protonmail.com,+91 7753848395,Agency,2026-05-13 01:28:33,917753848395,P0415
C00300,Farhan Khanna,farhan.khanna@yahoo.in,+91 7309428988,Referral,2025-11-23 13:44:35,917309428988,P0416
C00507,Aditya Reddy,aditya.reddy@gmail.com,+91 9296676112,Agency,2026-02-01 13:20:09,919296676112,P0417
C00176,Rahul Srivastava,rahul.srivastava@gmail.com,+91 7203261946,LinkedIn,2026-04-24 11:54:52,917203261946,P0418
C00493,Isha Khanna,isha.khanna@outlook.com,+91 7329793073,Naukri,2026-04-18 18:58:31,917329793073,P0419
C00356,Tarun Rao,tarun.rao@gmail.com,+91 8504674860,Naukri,2026-05-30 06:00:17,918504674860,P0420
C00064,Bhavna Srivastava,bhavna.srivastava@gmail.com,+91 7189873835,Campus,2026-04-09 10:13:11,917189873835,P0282
C00301,Harsh Gupta,harsh.gupta@outlook.com,+91 8793391530,Campus,2025-09-30 09:47:19,918793391530,P0421
C00163,Aarav Mehta,aarav.mehta@gmail.com,+91 9447033985,Careers site,2026-05-25 01:49:37,919447033985,P0422
C00316,Ritika Saxena,ritika.saxena@yahoo.in,+91 9019876970,Campus,2026-03-29 07:03:46,919019876970,P0423
C00254,Kabir Patel,kabir.patel@protonmail.com,+91 9655060700,Referral,2026-05-24 21:26:59,919655060700,P0424
C00322,Arjun Gupta,arjun.gupta@outlook.com,+91 8344783739,Agency,2025-09-16 17:33:31,918344783739,P0425
C00144,Vikram Desai,vikram.desai@gmail.com,+91 8757090726,Careers site,2026-04-10 20:37:13,918757090726,P0426
C00566,Anjali Agarwal ,anjali.agarwal90@protonmail.com,+91 9025177628,Careers site,2026-04-27 00:41:47,919025177628,P0367
C00388,Akash Chopra,akash.chopra@yahoo.in,+91 7593141805,Referral,2026-04-20 04:29:44,917593141805,P0427
C00131,Farhan Mehra,farhan.mehra@yahoo.in,+91 8726249748,Campus,2025-10-25 09:55:01,918726249748,P0428
C00401,Kavya Reddy,kavya.reddy@yahoo.in,+91 7431360981,Agency,2025-12-17 12:20:17,917431360981,P0429
C00324,Kabir Agarwal,kabir.agarwal@yahoo.in,+91 9362869860,Agency,2026-07-13 15:42:10,919362869860,P0430
C00419,Naveen Shetty,naveen.shetty@outlook.com,+91 8679320000,Agency,2026-01-18 00:25:47,918679320000,P0431
C00460,Priya Khanna,priya.khanna@outlook.com,+91 8823985845,Referral,2026-06-28 09:41:46,918823985845,P0432
C00363,Pooja Malhotra,pooja.malhotra@yahoo.in,+91 9079241703,Referral,2026-07-18 00:05:24,919079241703,P0433
C00256,Uday Patel,uday.patel@protonmail.com,+91 7041734866,LinkedIn,2026-05-21 03:58:54,917041734866,P0434
C00227,Priya Shetty,priya.shetty@gmail.com,+91 7817919943,Referral,2026-04-05 10:03:19,917817919943,P0435
C00418,Kavya Bhatia,kavya.bhatia@protonmail.com,+91 7672426321,Agency,2026-03-31 07:10:27,917672426321,P0436
C00004,Priya Agarwal,priya.agarwal@protonmail.com,+91 7362524359,LinkedIn,2026-07-10 03:44:31,917362524359,P0437
C00129,Arjun Sharma,arjun.sharma@outlook.com,+91 8267575408,LinkedIn,2026-04-16 12:19:39,918267575408,P0438
C00162,Akash Mehta,akash.mehta@protonmail.com,+91 7402676658,Careers site,2025-11-28 00:49:15,917402676658,P0439
C00568,DEEPAK SAXENA,deepak.saxena75@gmail.com,+91 8807045153,Agency,2026-03-05 00:09:38,918807045153,P0440
C00553,Bhavna Verma,bhavna.verma@protonmail.com,+91 8830592405,Referral,2026-07-04 01:04:53,918830592405,P0441
C00575,Uday  Desai,uday.desai65@protonmail.com,+91 9512538850,Agency,2026-05-22 01:38:32,919512538850,P0025
C00231,Isha Rao,isha.rao@gmail.com,+91 9743225155,Agency,2026-01-23 02:02:58,919743225155,P0442
C00288,Neha Reddy,neha.reddy@yahoo.in,+91 8132563511,Careers site,2025-11-11 11:18:05,918132563511,P0443
C00522,Isha Khanna,isha.khanna@outlook.com,+91 7876444499,Referral,2026-03-23 23:04:45,917876444499,P0444
C00260,Arjun Saxena,arjun.saxena@protonmail.com,+91 9882631743,Agency,2025-11-26 03:12:16,919882631743,P0445
C00050,Manish Reddy,manish.reddy@yahoo.in,+91 8619288032,Naukri,2026-01-27 22:22:28,918619288032,P0446
C00076,Ritika Agarwal,ritika.agarwal@yahoo.in,+91 8282196740,Naukri,2026-04-17 04:50:27,918282196740,P0447
C00158,Aditya Sharma,aditya.sharma@protonmail.com,+91 7017351828,Careers site,2026-07-29 13:50:51,917017351828,P0448
C00433,Lakshmi Sinha,lakshmi.sinha@protonmail.com,+91 8719213752,Referral,2026-03-05 06:52:27,918719213752,P0449
C00466,Ankit Gupta,ankit.gupta@gmail.com,+91 7341576864,Naukri,2026-07-14 03:09:27,917341576864,P0450
C00081,Rajat Agarwal,rajat.agarwal@yahoo.in,+91 7757688576,Careers site,2025-11-19 13:37:53,917757688576,P0451
C00262,Akash Nair,akash.nair@outlook.com,+91 9472860278,Naukri,2025-09-05 00:48:46,919472860278,P0452
C00457,Rohan Rao,rohan.rao@gmail.com,+91 8494277008,LinkedIn,2026-01-16 21:19:00,918494277008,P0453
C00365,Aditi Kapoor,aditi.kapoor@gmail.com,+91 9865456430,Referral,2026-04-17 09:22:59,919865456430,P0454
C00351,Yash Saxena,yash.saxena@gmail.com,+91 9023661617,Campus,2026-02-21 16:14:29,919023661617,P0455
C00006,Zoya Varma,zoya.varma@outlook.com,+91 9534019095,Careers site,2026-02-14 22:11:30,919534019095,P0456
C00188,Simran Desai,simran.desai@protonmail.com,+91 9000359476,Careers site,2026-06-13 20:41:21,919000359476,P0457
C00115,Chirag Chauhan,chirag.chauhan@protonmail.com,+91 9221577985,Agency,2025-11-20 11:27:53,919221577985,P0166
C00228,Neha Reddy,neha.reddy@protonmail.com,+91 7511466452,Referral,2026-07-16 16:31:03,917511466452,P0458
C00586,MANISH SHETTY,manish.shetty11@gmail.com,+91 8445650882,Agency,2026-11-18 11:28:02,918445650882,P0459
C00485,Sahil Desai,sahil.desai@protonmail.com,+91 9268758504,Careers site,2026-01-23 14:22:43,919268758504,P0460
C00087,Aditya Nair,aditya.nair@yahoo.in,+91 8413770633,Naukri,2026-02-12 01:53:02,918413770633,P0461
C00017,Karthik Patel,karthik.patel@gmail.com,+91 8781217664,Campus,2026-07-15 16:21:52,918781217664,P0462
C00294,Naveen Singh,naveen.singh@gmail.com,+91 8538863719,Naukri,2026-05-23 13:49:00,918538863719,P0463
C00080,Ridhi Rao,ridhi.rao@gmail.com,+91 7456974675,Careers site,2026-06-05 22:19:04,917456974675,P0464
C00251,Kabir Kapoor,kabir.kapoor@yahoo.in,+91 7146794275,Referral,2026-06-01 15:27:24,917146794275,P0465
C00053,Aarav Kapoor,aarav.kapoor@outlook.com,+91 7885938000,Agency,2025-10-14 20:23:09,917885938000,P0466
C00012,Deepak Iyer,deepak.iyer@outlook.com,+91 9201211830,Agency,2026-05-15 15:00:14,919201211830,P0467
C00484,Simran Varma,simran.varma@protonmail.com,+91 7083187525,Agency,2026-07-13 19:09:57,917083187525,P0468
C00005,Ishaan Agarwal,ishaan.agarwal@protonmail.com,+91 9253915401,Campus,2025-09-12 22:31:45,919253915401,P0469
C00001,Jatin Khanna,jatin.khanna@yahoo.in,+91 8136325171,Naukri,2026-02-24 20:05:29,918136325171,P0470
C00290,Pranav Sinha,pranav.sinha@yahoo.in,+91 9361584569,Agency,2026-06-24 05:15:20,919361584569,P0471
C00340,Aditi Verma,aditi.verma@yahoo.in,+91 9254480458,Campus,2026-02-18 12:56:49,919254480458,P0472
C00491,Rahul Jain,rahul.jain@gmail.com,+91 9368460894,Naukri,2025-10-25 23:54:52,919368460894,P0473
C00182,Rahul Sinha,rahul.sinha@outlook.com,+91 9292563954,Campus,2025-11-14 09:51:17,919292563954,P0474
C00046,Naveen Mehta,naveen.mehta@outlook.com,+91 8463017512,Referral,2026-04-10 14:29:50,918463017512,P0475
C00386,Gaurav Nair,gaurav.nair@outlook.com,+91 7123581521,Referral,2026-03-28 10:08:59,917123581521,P0476
C00181,Yash Rao,yash.rao@outlook.com,+91 7139352303,Careers site,2026-01-02 20:46:05,917139352303,P0477
C00211,Sahil Bansal,sahil.bansal@outlook.com,+91 8565561362,LinkedIn,2026-07-04 23:39:35,918565561362,P0478
C00347,Chirag Menon,chirag.menon@gmail.com,+91 8994834674,Referral,2026-02-08 01:51:11,918994834674,P0479
C00047,Chirag Mehta,chirag.mehta@protonmail.com,+91 7681426611,Naukri,2026-02-15 14:08:53,917681426611,P0480
C00223,Tanvi Iyer,tanvi.iyer@protonmail.com,+91 7363829828,Campus,2025-10-18 01:32:02,917363829828,P0481
C00025,Ridhi Desai,ridhi.desai@gmail.com,+91 8571427596,Careers site,2025-10-21 11:11:05,918571427596,P0482
C00585,MANISH IYER,manish.iyer41@protonmail.com,+91 8303591342,Naukri,2026-05-21 03:34:06,918303591342,P0040
C00337,Siddharth Desai,siddharth.desai@outlook.com,+91 7538495446,Careers site,2026-03-31 21:45:37,917538495446,P0483
C00152,Varun Kulkarni,varun.kulkarni@protonmail.com,+91 7164469982,Referral,2026-02-03 05:40:57,917164469982,P0484
C00537,Priya Patel,priya.patel@outlook.com,+91 7592356752,Referral,2026-07-11 17:26:00,917592356752,P0485
C00246,Tarun Sinha,tarun.sinha@outlook.com,+91 8392625008,LinkedIn,2025-11-24 12:12:55,918392625008,P0486
C00427,Simran Menon,simran.menon@outlook.com,+91 7007219420,Referral,2025-10-26 10:30:20,917007219420,P0487
C00023,Aditya Bansal,aditya.bansal@gmail.com,+91 8911913130,Referral,2026-07-29 12:11:36,918911913130,P0488
C00127,Jatin Sharma,jatin.sharma@outlook.com,+91 9047383961,Referral,2026-02-25 06:42:24,919047383961,P0489
C00442,Varun Iyer,varun.iyer@yahoo.in,+91 7621516665,Referral,2025-09-19 00:31:57,917621516665,P0490
C00126,Nandini Desai,nandini.desai@protonmail.com,+91 9677052429,Careers site,2026-02-12 01:54:04,919677052429,P0208
C00071,Priya Sinha,priya.sinha@gmail.com,+91 7792774133,Agency,2026-06-16 14:57:54,917792774133,P0330
C00320,Simran Kulkarni,simran.kulkarni@outlook.com,+91 9426284214,Careers site,2025-09-14 10:37:26,919426284214,P0175
C00579,Aditya Singh ,aditya.singh8@outlook.com,+91 7468593782,Agency,2026-07-12 18:57:15,917468593782,P0064
C00382,Harsh Menon,harsh.menon@outlook.com,+91 9428618737,LinkedIn,2026-01-31 00:17:05,919428618737,P0491
C00151,Kavya Verma,kavya.verma@outlook.com,+91 8639350149,Naukri,2026-04-20 04:13:24,918639350149,P0492
C00387,Karthik Reddy,karthik.reddy@gmail.com,+91 9374375742,Referral,2026-03-11 04:33:29,919374375742,P0493
C00328,Kabir Sharma,kabir.sharma@outlook.com,+91 9282332674,Naukri,2025-12-29 17:08:22,919282332674,P0494
C00172,Naveen Jain,naveen.jain@gmail.com,+91 7017736795,Referral,2025-12-06 15:23:03,917017736795,P0495
C00268,Chirag Chauhan,chirag.chauhan@outlook.com,+91 9030218614,Naukri,2026-07-29 02:07:21,919030218614,P0496
C00124,Divya Verma,divya.verma@protonmail.com,+91 7556581640,Naukri,2025-10-03 12:15:22,917556581640,P0130
C00438,Gaurav Jain,gaurav.jain@outlook.com,+91 9968732103,Referral,2026-03-26 04:59:14,919968732103,P0497
C00360,Akash Mehra,akash.mehra@outlook.com,+91 7791253654,Naukri,2026-04-12 03:51:13,917791253654,P0498
C00029,Tarun Dutta,tarun.dutta@gmail.com,+91 7185151208,Naukri,2026-07-15 15:03:43,917185151208,P0499
C00230,Deepak Nair,deepak.nair@gmail.com,+91 8620919633,LinkedIn,2026-03-01 19:07:38,918620919633,P0500
C00164,Uday Kulkarni,uday.kulkarni@outlook.com,+91 9245616426,Referral,2025-12-22 04:51:37,919245616426,P0501
C00185,Rahul Khanna,rahul.khanna@gmail.com,+91 7146323520,Careers site,2026-05-06 13:18:37,917146323520,P0502
C00098,Ankit Thakur,ankit.thakur@gmail.com,+91 8564835948,Agency,2026-06-14 17:36:17,918564835948,P0503
C00556,Varun Menon,varun.menon@protonmail.com,+91 8939791301,Naukri,2025-09-03 14:29:35,918939791301,P0504
C00178,Nandini Srivastava,nandini.srivastava@gmail.com,+91 9355515410,Agency,2026-07-27 19:42:28,919355515410,P0080
C00455,Shreya Reddy,shreya.reddy@yahoo.in,+91 7125137561,Campus,2026-07-10 16:26:01,917125137561,P0295
C00273,Tarun Thakur,tarun.thakur@protonmail.com,+91 7743359535,Campus,2025-11-22 03:25:04,917743359535,P0505
C00105,Naveen Menon,naveen.menon@protonmail.com,+91 7462824632,LinkedIn,2026-01-30 21:54:57,917462824632,P0506
C00208,Deepak Kulkarni,deepak.kulkarni@yahoo.in,+91 9836623461,Careers site,2026-06-28 10:28:15,919836623461,P0507
C00469,Sahil Iyer,sahil.iyer@yahoo.in,+91 7262548941,Careers site,2025-09-14 08:22:44,917262548941,P0508
C00587,TANVI REDDY,tanvi.reddy80@outlook.com,+91 9787491033,Campus,2025-10-08 15:23:40,919787491033,P0054
C00475,Pooja Singh,pooja.singh@outlook.com,+91 8348645552,Campus,2025-09-06 01:13:26,918348645552,P0509
C00013,Tarun Chopra,tarun.chopra@gmail.com,+91 8917827786,Naukri,2025-11-04 23:35:47,918917827786,P0510
C00045,Tanvi Varma,tanvi.varma@yahoo.in,+91 8020414770,Agency,2026-04-16 14:43:59,918020414770,P0511
C00481,Sanya Iyer,sanya.iyer@yahoo.in,+91 8830118850,Agency,2025-09-09 23:28:46,918830118850,P0512
C00104,Rahul Sinha,rahul.sinha@yahoo.in,+91 8833519602,LinkedIn,2026-03-03 08:57:39,918833519602,P0513
C00314,Ananya Bansal,ananya.bansal@gmail.com,+91 8313342242,Naukri,2026-06-10 15:41:53,918313342242,P0514
C00589,Tanvi Dutta ,tanvi.dutta82@gmail.com,+91 8685999775,Careers site,2026-06-17 21:11:37,918685999775,P0414
C00092,Farhan Dutta,farhan.dutta@gmail.com,+91 7823656989,Referral,2026-07-23 11:25:07,917823656989,P0515
C00027,Akash Menon,akash.menon@outlook.com,+91 9342335025,Campus,2025-09-18 04:00:41,919342335025,P0516
C00289,Deepak Saxena,deepak.saxena@protonmail.com,+91 8807045153,Naukri,2026-01-01 00:09:38,918807045153,P0440
C00226,Vikram Srivastava,vikram.srivastava@protonmail.com,+91 8680892492,Agency,2026-05-30 13:17:50,918680892492,P0517
C00355,Ananya Singh,ananya.singh@gmail.com,+91 7223263855,Referral,2026-03-18 00:37:21,917223263855,P0518
C00551,Shreya Khanna,shreya.khanna@outlook.com,+91 7553627555,Referral,2025-11-14 02:46:55,917553627555,P0149
C00472,Ridhi Thakur,ridhi.thakur@protonmail.com,+91 9629186387,Naukri,2025-09-03 16:24:44,919629186387,P0519
C00043,Siddharth Nair,siddharth.nair@outlook.com,+91 7804020182,Naukri,2026-05-18 22:18:40,917804020182,P0520
C00380,Pooja Rao,pooja.rao@yahoo.in,+91 9339550718,Naukri,2026-03-13 20:16:08,919339550718,P0521
C00409,Naveen Dutta,naveen.dutta@protonmail.com,+91 8183854409,Careers site,2026-02-05 23:02:58,918183854409,P0522
C00138,Nandini Srivastava,nandini.srivastava@protonmail.com,+91 8279947504,Agency,2026-02-19 02:04:17,918279947504,P0523
C00311,Tanvi Desai,tanvi.desai@outlook.com,+91 9124757937,Referral,2026-02-20 00:49:50,919124757937,P0524
C00213,Chirag Sinha,chirag.sinha@yahoo.in,+91 7271992449,Referral,2026-01-31 03:33:52,917271992449,P0525
C00166,Manish Iyer,manish.iyer@gmail.com,+91 7188653404,Naukri,2026-04-04 23:41:02,917188653404,P0526
C00368,Nikhil Chauhan,nikhil.chauhan@protonmail.com,+91 8137314037,Careers site,2026-06-10 03:05:21,918137314037,P0527
C00142,Shreya Iyer,shreya.iyer@protonmail.com,+91 8678570382,Campus,2026-07-11 18:51:27,918678570382,P0528
C00508,Divya Rao,divya.rao@yahoo.in,+91 8672415527,Agency,2026-01-05 04:23:25,918672415527,P0529
C00393,Bhavna Kapoor,bhavna.kapoor@outlook.com,+91 8522334605,Referral,2025-09-19 13:17:46,918522334605,P0530
C00282,Ridhi Nair,ridhi.nair@protonmail.com,+91 7253144275,Naukri,2026-03-14 21:22:22,917253144275,P0531
C00055,Akash Saxena,akash.saxena@protonmail.com,+91 8412148133,LinkedIn,2026-06-13 03:30:29,918412148133,P0532
C00447,Sanya Rao,sanya.rao@outlook.com,+91 9013022930,Agency,2025-10-16 11:03:47,919013022930,P0533
C00128,Rajat Khanna,rajat.khanna@yahoo.in,+91 7853980365,Campus,2026-03-07 04:25:24,917853980365,P0534
C00492,Shreya Desai,shreya.desai@gmail.com,+91 8710849807,Agency,2026-06-09 03:33:09,918710849807,P0535
C00543,Isha Jain,isha.jain@outlook.com,+91 7089635186,Referral,2026-03-01 13:05:06,917089635186,P0536
C00505,Priya Jain,priya.jain@outlook.com,+91 7627533391,Campus,2026-02-24 02:33:50,917627533391,P0537
C00154,Harsh Bhatia,harsh.bhatia@yahoo.in,+91 8949325804,Referral,2025-09-01 10:19:15,918949325804,P0272
C00390,Vikram Bansal,vikram.bansal@yahoo.in,+91 8810085916,Agency,2026-03-16 13:38:11,918810085916,P0538
C00448,Uday Saxena,uday.saxena@yahoo.in,+91 8579778826,LinkedIn,2026-02-15 09:50:44,918579778826,P0539
C00499,Manish Shetty,manish.shetty@yahoo.in,+91 8445650882,Naukri,2026-07-25 11:28:02,918445650882,P0459
C00191,Naveen Bansal,naveen.bansal@outlook.com,+91 7719291733,Agency,2026-04-27 21:21:12,917719291733,P0325
C00336,Isha Dutta,isha.dutta@outlook.com,+91 9623668860,Careers site,2026-05-21 07:07:08,919623668860,P0540
C00437,Farhan Thakur,farhan.thakur@gmail.com,+91 7039375188,Campus,2026-04-14 22:48:57,917039375188,P0541
C00352,Ankit Thakur,ankit.thakur@yahoo.in,+91 7582846815,LinkedIn,2025-11-16 22:06:10,917582846815,P0542
C00532,Priya Varma,priya.varma@outlook.com,+91 8121993039,LinkedIn,2026-07-01 01:48:05,918121993039,P0543
C00175,Ananya Chauhan,ananya.chauhan@yahoo.in,+91 7697164675,LinkedIn,2026-01-20 17:57:49,917697164675,P0544
C00214,Simran Mehta,simran.mehta@gmail.com,+91 9326574326,Referral,2025-12-17 07:57:02,919326574326,P0545
C00024,Varun Desai,varun.desai@yahoo.in,+91 9410179331,Agency,2026-07-02 08:57:06,919410179331,P0546
C00313,Chirag Chopra,chirag.chopra@gmail.com,+91 7664840540,Agency,2026-07-08 18:47:55,917664840540,P0547
C00574,Gaurav Jain ,gaurav.jain31@protonmail.com,+91 9968732103,Campus,2026-08-14 04:59:14,919968732103,P0497
C00169,Gaurav Sinha,gaurav.sinha@gmail.com,+91 9366758050,LinkedIn,2026-06-17 10:35:16,919366758050,P0548
C00399,Manish Chopra,manish.chopra@gmail.com,+91 7271814996,LinkedIn,2025-10-30 18:34:34,917271814996,P0549
C00430,Ridhi Bansal,ridhi.bansal@outlook.com,+91 8467722184,Careers site,2026-04-12 06:43:04,918467722184,P0550
C00146,Sneha Sinha,sneha.sinha@outlook.com,+91 8511198969,Referral,2025-12-13 08:08:09,918511198969,P0551
C00061,Siddharth Jain,siddharth.jain@yahoo.in,+91 9254092284,LinkedIn,2025-10-18 05:10:03,919254092284,P0552
C00239,Farhan Varma,farhan.varma@protonmail.com,+91 9340074096,Naukri,2026-02-14 00:04:40,919340074096,P0553
C00243,Rajat Reddy,rajat.reddy@yahoo.in,+91 7872227792,LinkedIn,2025-12-18 17:19:39,917872227792,P0554
C00353,Ananya Agarwal,ananya.agarwal@protonmail.com,+91 7809477418,LinkedIn,2025-11-13 22:23:42,917809477418,P0555
C00097,Manish Menon,manish.menon@protonmail.com,+91 7534734461,Campus,2026-04-27 03:35:32,917534734461,P0556
C00323,Rahul Menon,rahul.menon@gmail.com,+91 7383425041,Referral,2025-11-08 04:12:21,917383425041,P0557
C00207,Kabir Malhotra,kabir.malhotra@protonmail.com,+91 9599361245,Naukri,2026-06-22 18:13:03,919599361245,P0558
C00515,Rahul Iyer,rahul.iyer@gmail.com,+91 9186444377,Referral,2026-03-12 20:29:16,919186444377,P0559
C00272,Rajat Rao,rajat.rao@yahoo.in,+91 9047312206,Careers site,2025-11-11 02:13:24,919047312206,P0560
C00461,Priya Thakur,priya.thakur@protonmail.com,+91 7139846838,Agency,2026-02-14 16:56:36,917139846838,P0298
