person_id,normalized_phone,representative_candidate_id,representative_name,representative_email,source_candidate_ids,source_record_count
P0001,919278619997,C00253,Sneha Rao,sneha.rao@outlook.com,C00253,1
P0002,918372437461,C00259,Vikram Agarwal,vikram.agarwal@gmail.com,C00259|C00591,2
P0003,919646691278,C00140,Neha Mehra,neha.mehra@yahoo.in,C00140,1
P0004,919823879540,C00549,Varun Chopra,varun.chopra@yahoo.in,C00549,1
P0005,917795390395,C00190,Tarun Iyer,tarun.iyer@protonmail.com,C00190,1
P0006,918064142565,C00303,Pranav Nair,pranav.nair@outlook.com,C00303,1
P0007,918325584179,C00010,Divya Verma,divya.verma@protonmail.com,C00010,1
P0008,918341624452,C00170,Sahil Kulkarni,sahil.kulkarni@gmail.com,C00170,1
P0009,919582580627,C00209,Vikram Desai,vikram.desai@yahoo.in,C00209,1
P0010,917478070693,C00435,Lakshmi Rao,lakshmi.rao@yahoo.in,C00435,1
P0011,917389579753,C00478,Nikhil Rao,nikhil.rao@outlook.com,C00478,1
P0012,918524253450,C00544,Ankit Jain,ankit.jain@yahoo.in,C00544,1
P0013,917830095205,C00132,Neha Dutta,neha.dutta@protonmail.com,C00132,1
P0014,918004618058,C00424,Ritika Singh,ritika.singh@yahoo.in,C00424,1
P0015,919708978927,C00056,Kabir Jain,kabir.jain@gmail.com,C00056,1
P0016,918233797493,C00040,Harsh Kulkarni,harsh.kulkarni@protonmail.com,C00040,1
P0017,919453949328,C00307,Meera Menon,meera.menon@gmail.com,C00307,1
P0018,918937866713,C00062,Gaurav Verma,gaurav.verma@yahoo.in,C00062,1
P0019,917703781557,C00160,Deepak Mehra,deepak.mehra@gmail.com,C00160|C00588,2
P0020,918955011083,C00133,Ankit Bhatia,ankit.bhatia@outlook.com,C00133,1
P0021,917781414478,C00541,Naveen Srivastava,naveen.srivastava@yahoo.in,C00541,1
P0022,917280657847,C00008,Akash Dutta,akash.dutta@gmail.com,C00008,1
P0023,918519348531,C00489,Ritika Sharma,ritika.sharma@gmail.com,C00489,1
P0024,917133332620,C00517,Uday Rao,uday.rao@yahoo.in,C00517,1
P0025,919512538850,C00033,Uday Desai,uday.desai@outlook.com,C00033|C00575,2
P0026,917935926784,C00022,Sanya Agarwal,sanya.agarwal@yahoo.in,C00022|C00592,2
P0027,918370018072,C00557,Sahil Bansal,sahil.bansal@yahoo.in,C00557,1
P0028,919378961387,C00134,Uday Desai,uday.desai@gmail.com,C00134,1
P0029,918155357186,C00450,Sahil Sharma,sahil.sharma@yahoo.in,C00450|C00578,2
P0030,917240880757,C00321,Pooja Patel,pooja.patel@gmail.com,C00321,1
P0031,917502028906,C00319,Gaurav Jain,gaurav.jain@protonmail.com,C00319,1
P0032,917959358284,C00210,Rajat Shetty,rajat.shetty@gmail.com,C00210|C00581,2
P0033,917276164308,C00318,Jatin Kapoor,jatin.kapoor@outlook.com,C00318,1
P0034,919006193844,C00018,Divya Sharma,divya.sharma@outlook.com,C00018,1
P0035,919852880854,C00310,Chirag Chauhan,chirag.chauhan@yahoo.in,C00310,1
P0036,917922031776,C00411,Rajat Srivastava,rajat.srivastava@yahoo.in,C00411,1
P0037,919564744914,C00339,Uday Saxena,uday.saxena@outlook.com,C00339,1
P0038,918179289968,C00299,Yash Mehra,yash.mehra@outlook.com,C00299,1
P0039,917350668376,C00238,Yash Kulkarni,yash.kulkarni@yahoo.in,C00238,1
P0040,918303591342,C00362,Manish Iyer,manish.iyer@yahoo.in,C00362|C00585,2
P0041,917868894871,C00143,Yash Desai,yash.desai@gmail.com,C00143,1
P0042,918884899423,C00335,Ananya Dutta,ananya.dutta@gmail.com,C00335,1
P0043,919861593491,C00443,Neha Sharma,neha.sharma@protonmail.com,C00443,1
P0044,918234369761,C00500,Sneha Verma,sneha.verma@protonmail.com,C00500,1
P0045,918700897440,C00248,Priya Sinha,priya.sinha@yahoo.in,C00248,1
P0046,918218499943,C00402,Priya Dutta,priya.dutta@outlook.com,C00402,1
P0047,919235876203,C00367,Divya Mehta,divya.mehta@outlook.com,C00367,1
P0048,917909933298,C00266,Siddharth Malhotra,siddharth.malhotra@protonmail.com,C00266,1
P0049,917359057461,C00120,Lakshmi Dutta,lakshmi.dutta@protonmail.com,C00120|C00601,2
P0050,917577542707,C00042,Anjali Srivastava,anjali.srivastava@protonmail.com,C00042|C00577,2
P0051,918487394086,C00194,Kavya Patel,kavya.patel@yahoo.in,C00194,1
P0052,918895299208,C00048,Sanya Sinha,sanya.sinha@outlook.com,C00048,1
P0053,917775269859,C00249,Kavya Mehta,kavya.mehta@protonmail.com,C00249,1
P0054,919787491033,C00265,Tanvi Reddy,tanvi.reddy@gmail.com,C00265|C00587,2
P0055,918884238583,C00130,Simran Menon,simran.menon@gmail.com,C00130,1
P0056,917138045601,C00392,Rohan Bansal,rohan.bansal@outlook.com,C00392,1
P0057,917537740675,C00440,Neha Chauhan,neha.chauhan@outlook.com,C00440|C00573,2
P0058,918036332406,C00216,Nandini Bhatia,nandini.bhatia@yahoo.in,C00216,1
P0059,919778748038,C00284,Yash Verma,yash.verma@gmail.com,C00284,1
P0060,918265469544,C00554,Manish Singh,manish.singh@gmail.com,C00554,1
P0061,917090123836,C00421,Varun Jain,varun.jain@yahoo.in,C00421,1
P0062,918212999904,C00217,Simran Menon,simran.menon@gmail.com,C00217,1
P0063,919312654094,C00338,Tarun Chopra,tarun.chopra@outlook.com,C00338,1
P0064,917468593782,C00200,Aditya Singh,aditya.singh@protonmail.com,C00200|C00579,2
P0065,919944375591,C00113,Zoya Bansal,zoya.bansal@protonmail.com,C00113,1
P0066,918982146855,C00099,Harsh Nair,harsh.nair@gmail.com,C00099,1
P0067,918249554567,C00058,Neha Mehta,neha.mehta@gmail.com,C00058,1
P0068,919997568610,C00051,Gaurav Saxena,gaurav.saxena@gmail.com,C00051,1
P0069,917267098867,C00359,Rohan Agarwal,rohan.agarwal@gmail.com,C00359,1
P0070,918735148579,C00428,Jatin Kulkarni,jatin.kulkarni@gmail.com,C00428,1
P0071,918770367884,C00332,Nikhil Varma,nikhil.varma@protonmail.com,C00332|C00598,2
P0072,919258858128,C00526,Zoya Sharma,zoya.sharma@outlook.com,C00526,1
P0073,919462517644,C00330,Kavya Kulkarni,kavya.kulkarni@yahoo.in,C00330,1
P0074,918725479557,C00434,Shreya Dutta,shreya.dutta@yahoo.in,C00434|C00590,2
P0075,917780792788,C00125,Rohan Bansal,rohan.bansal@protonmail.com,C00125,1
P0076,917062797242,C00121,Kabir Bansal,kabir.bansal@gmail.com,C00121,1
P0077,919975133656,C00531,Pranav Jain,pranav.jain@yahoo.in,C00531|C00594,2
P0078,919328483784,C00084,Farhan Bansal,farhan.bansal@yahoo.in,C00084,1
P0079,919109618593,C00065,Neha Mehta,neha.mehta@yahoo.in,C00065,1
P0080,919355515410,C00178,Nandini Srivastava,nandini.srivastava@gmail.com,C00178|C00595,2
P0081,918782761757,C00195,Chirag Mehta,chirag.mehta@yahoo.in,C00195,1
P0082,917048898021,C00327,Rohan Sharma,rohan.sharma@protonmail.com,C00327,1
P0083,918781037911,C00436,Lakshmi Sharma,lakshmi.sharma@outlook.com,C00436,1
P0084,917961033174,C00201,Arjun Chopra,arjun.chopra@gmail.com,C00201|C00563,2
P0085,919273842598,C00225,Sneha Malhotra,sneha.malhotra@gmail.com,C00225,1
P0086,919574175595,C00157,Yash Bhatia,yash.bhatia@protonmail.com,C00157,1
P0087,919653269920,C00014,Esha Malhotra,esha.malhotra@protonmail.com,C00014,1
P0088,918939743374,C00052,Nikhil Bansal,nikhil.bansal@gmail.com,C00052,1
P0089,919491261781,C00431,Farhan Varma,farhan.varma@protonmail.com,C00431,1
P0090,917630956044,C00086,Nandini Malhotra,nandini.malhotra@yahoo.in,C00086,1
P0091,919281181783,C00464,Ritika Nair,ritika.nair@yahoo.in,C00464,1
P0092,918000853060,C00451,Aditi Menon,aditi.menon@outlook.com,C00451,1
P0093,917492864766,C00112,Sanya Gupta,sanya.gupta@gmail.com,C00112,1
P0094,919647786626,C00118,Harsh Kulkarni,harsh.kulkarni@protonmail.com,C00118,1
P0095,917637428033,C00416,Zoya Reddy,zoya.reddy@protonmail.com,C00416,1
P0096,918725123298,C00530,Yash Chopra,yash.chopra@outlook.com,C00530,1
P0097,919798097558,C00011,Jatin Nair,jatin.nair@outlook.com,C00011,1
P0098,919081986669,C00263,Tanvi Jain,tanvi.jain@yahoo.in,C00263,1
P0099,917533573955,C00136,Ridhi Bhatia,ridhi.bhatia@outlook.com,C00136,1
P0100,918973863106,C00258,Ankit Jain,ankit.jain@outlook.com,C00258,1
P0101,917282852288,C00286,Gaurav Bhatia,gaurav.bhatia@protonmail.com,C00286,1
P0102,918172859925,C00348,Gaurav Agarwal,gaurav.agarwal@outlook.com,C00348,1
P0103,919435738842,C00077,Farhan Bansal,farhan.bansal@gmail.com,C00077,1
P0104,917414226623,C00161,Sanya Mehta,sanya.mehta@outlook.com,C00161,1
P0105,919423733456,C00103,Sahil Sharma,sahil.sharma@gmail.com,C00103,1
P0106,918931552283,C00383,Yash Varma,yash.varma@gmail.com,C00383,1
P0107,919572746957,C00470,Manish Mehra,manish.mehra@outlook.com,C00470,1
P0108,919476691296,C00490,Ritika Singh,ritika.singh@yahoo.in,C00490,1
P0109,918829386822,C00536,Lakshmi Iyer,lakshmi.iyer@yahoo.in,C00536,1
P0110,919960797195,C00379,Ankit Iyer,ankit.iyer@yahoo.in,C00379,1
P0111,919552368907,C00456,Naveen Mehta,naveen.mehta@protonmail.com,C00456,1
P0112,918192060554,C00394,Bhavna Reddy,bhavna.reddy@protonmail.com,C00394,1
P0113,919000186691,C00498,Ananya Saxena,ananya.saxena@protonmail.com,C00498,1
P0114,919130026902,C00471,Isha Saxena,isha.saxena@yahoo.in,C00471,1
P0115,917263189085,C00255,Nandini Chauhan,nandini.chauhan@gmail.com,C00255,1
P0116,919175991197,C00496,Pranav Thakur,pranav.thakur@protonmail.com,C00496,1
P0117,917773721928,C00241,Pranav Gupta,pranav.gupta@outlook.com,C00241,1
P0118,918152547952,C00546,Manish Sharma,manish.sharma@gmail.com,C00546,1
P0119,917671796305,C00233,Esha Bansal,esha.bansal@protonmail.com,C00233,1
P0120,919486817212,C00070,Anjali Agarwal,anjali.agarwal@outlook.com,C00070,1
P0121,919332832726,C00441,Gaurav Dutta,gaurav.dutta@outlook.com,C00441,1
P0122,917665139287,C00309,Naveen Iyer,naveen.iyer@gmail.com,C00309,1
P0123,918580197372,C00529,Sanya Bhatia,sanya.bhatia@outlook.com,C00529,1
P0124,919573225020,C00003,Chirag Reddy,chirag.reddy@yahoo.in,C00003,1
P0125,919446317860,C00229,Meera Mehra,meera.mehra@yahoo.in,C00229,1
P0126,919930521109,C00198,Simran Saxena,simran.saxena@gmail.com,C00198,1
P0127,918402173828,C00462,Siddharth Saxena,siddharth.saxena@yahoo.in,C00462,1
P0128,917220538473,C00516,Sneha Malhotra,sneha.malhotra@protonmail.com,C00516,1
P0129,918673021973,C00488,Tanvi Desai,tanvi.desai@gmail.com,C00488,1
P0130,917556581640,C00124,Divya Verma,divya.verma@protonmail.com,C00124|C00564,2
P0131,917077338700,C00342,Ritika Chauhan,ritika.chauhan@gmail.com,C00342,1
P0132,919704735392,C00406,Aditi Dutta,aditi.dutta@gmail.com,C00406,1
P0133,918989428392,C00197,Sahil Bansal,sahil.bansal@outlook.com,C00197,1
P0134,918314445652,C00506,Harsh Chauhan,harsh.chauhan@yahoo.in,C00506,1
P0135,918747126331,C00341,Aditi Gupta,aditi.gupta@gmail.com,C00341,1
P0136,918305839922,C00218,Ananya Sinha,ananya.sinha@outlook.com,C00218,1
P0137,917278179741,C00473,Bhavna Varma,bhavna.varma@protonmail.com,C00473,1
P0138,917713322217,C00199,Akash Sinha,akash.sinha@gmail.com,C00199,1
P0139,918284646026,C00312,Nikhil Nair,nikhil.nair@yahoo.in,C00312,1
P0140,919926037021,C00068,Pranav Rao,pranav.rao@protonmail.com,C00068,1
P0141,919320673125,C00445,Tarun Mehta,tarun.mehta@protonmail.com,C00445|C00597,2
P0142,919686772209,C00535,Shreya Kapoor,shreya.kapoor@protonmail.com,C00535,1
P0143,918257425338,C00482,Aditya Khanna,aditya.khanna@outlook.com,C00482,1
P0144,918753261686,C00116,Deepak Menon,deepak.menon@yahoo.in,C00116,1
P0145,918995979562,C00102,Kabir Jain,kabir.jain@yahoo.in,C00102,1
P0146,917996066740,C00295,Rahul Patel,rahul.patel@protonmail.com,C00295,1
P0147,919825251572,C00041,Aarav Menon,aarav.menon@outlook.com,C00041,1
P0148,919866153272,C00250,Esha Saxena,esha.saxena@outlook.com,C00250,1
P0149,917553627555,C00551,Shreya Khanna,shreya.khanna@outlook.com,C00551|C00561,2
P0150,919278265310,C00093,Ananya Iyer,ananya.iyer@protonmail.com,C00093,1
P0151,917092557899,C00261,Nandini Dutta,nandini.dutta@outlook.com,C00261,1
P0152,918968875018,C00269,Isha Bansal,isha.bansal@gmail.com,C00269,1
P0153,917511018307,C00206,Tarun Chopra,tarun.chopra@protonmail.com,C00206,1
P0154,919492848991,C00089,Bhavna Kapoor,bhavna.kapoor@outlook.com,C00089,1
P0155,917339651837,C00059,Sneha Agarwal,sneha.agarwal@yahoo.in,C00059,1
P0156,917614873514,C00446,Esha Reddy,esha.reddy@yahoo.in,C00446,1
P0157,919527933689,C00400,Aditya Shetty,aditya.shetty@gmail.com,C00400,1
P0158,918829276469,C00037,Nandini Shetty,nandini.shetty@yahoo.in,C00037,1
P0159,917103188858,C00109,Ritika Srivastava,ritika.srivastava@outlook.com,C00109,1
P0160,917109135756,C00538,Simran Verma,simran.verma@gmail.com,C00538,1
P0161,919718731858,C00245,Vikram Patel,vikram.patel@gmail.com,C00245,1
P0162,918672157398,C00397,Uday Srivastava,uday.srivastava@outlook.com,C00397,1
P0163,919555292572,C00088,Rohan Kapoor,rohan.kapoor@outlook.com,C00088,1
P0164,917707234678,C00426,Ishaan Sinha,ishaan.sinha@outlook.com,C00426,1
P0165,919897016101,C00449,Ananya Bhatia,ananya.bhatia@gmail.com,C00449,1
P0166,919221577985,C00115,Chirag Chauhan,chirag.chauhan@protonmail.com,C00115|C00567,2
P0167,917317340359,C00279,Tarun Bhatia,tarun.bhatia@outlook.com,C00279,1
P0168,919880942967,C00410,Kavya Menon,kavya.menon@gmail.com,C00410,1
P0169,918496985151,C00203,Farhan Kapoor,farhan.kapoor@outlook.com,C00203,1
P0170,918442038472,C00444,Simran Mehta,simran.mehta@yahoo.in,C00444,1
P0171,917184339604,C00345,Deepak Chauhan,deepak.chauhan@outlook.com,C00345,1
P0172,917665297092,C00302,Ishaan Nair,ishaan.nair@yahoo.in,C00302,1
P0173,919179263200,C00343,Naveen Reddy,naveen.reddy@protonmail.com,C00343,1
P0174,919535696738,C00354,Rohan Jain,rohan.jain@gmail.com,C00354,1
P0175,919426284214,C00320,Simran Kulkarni,simran.kulkarni@outlook.com,C00320|C00569,2
P0176,919021441671,C00519,Ankit Kapoor,ankit.kapoor@gmail.com,C00519,1
P0177,918518035318,C00298,Lakshmi Shetty,lakshmi.shetty@yahoo.in,C00298,1
P0178,919044732052,C00476,Nikhil Patel,nikhil.patel@outlook.com,C00476,1
P0179,918070180554,C00278,Farhan Kapoor,farhan.kapoor@protonmail.com,C00278|C00562,2
P0180,917184089334,C00270,Pooja Desai,pooja.desai@protonmail.com,C00270,1
P0181,918120815435,C00220,Rajat Kapoor,rajat.kapoor@gmail.com,C00220,1
P0182,919223030632,C00509,Uday Mehta,uday.mehta@yahoo.in,C00509,1
P0183,917109160989,C00016,Ankit Shetty,ankit.shetty@gmail.com,C00016,1
P0184,917127646540,C00232,Aditya Saxena,aditya.saxena@outlook.com,C00232,1
P0185,917099767320,C00306,Nandini Shetty,nandini.shetty@yahoo.in,C00306,1
P0186,917046457215,C00034,Gaurav Singh,gaurav.singh@yahoo.in,C00034,1
P0187,918279142254,C00277,Rohan Shetty,rohan.shetty@protonmail.com,C00277,1
P0188,917560660725,C00063,Tarun Bansal,tarun.bansal@outlook.com,C00063,1
P0189,918092663172,C00150,Rahul Iyer,rahul.iyer@gmail.com,C00150,1
P0190,918075183617,C00283,Farhan Singh,farhan.singh@yahoo.in,C00283,1
P0191,918689144290,C00219,Simran Agarwal,simran.agarwal@outlook.com,C00219,1
P0192,918933780974,C00101,Priya Bhatia,priya.bhatia@protonmail.com,C00101,1
P0193,917834337149,C00035,Ritika Rao,ritika.rao@yahoo.in,C00035,1
P0194,918650820514,C00495,Farhan Nair,farhan.nair@yahoo.in,C00495,1
P0195,917281571185,C00276,Aditi Sinha,aditi.sinha@yahoo.in,C00276,1
P0196,919323028181,C00523,Esha Chopra,esha.chopra@yahoo.in,C00523,1
P0197,918217877748,C00479,Zoya Khanna,zoya.khanna@yahoo.in,C00479,1
P0198,918175892412,C00465,Deepak Agarwal,deepak.agarwal@outlook.com,C00465,1
P0199,919461812126,C00054,Jatin Verma,jatin.verma@outlook.com,C00054,1
P0200,917803998929,C00204,Ananya Reddy,ananya.reddy@gmail.com,C00204,1
P0201,918571329349,C00252,Shreya Srivastava,shreya.srivastava@gmail.com,C00252,1
P0202,919948760383,C00281,Naveen Agarwal,naveen.agarwal@outlook.com,C00281|C00576,2
P0203,917323545109,C00060,Neha Srivastava,neha.srivastava@gmail.com,C00060,1
P0204,919544268551,C00108,Sneha Singh,sneha.singh@outlook.com,C00108,1
P0205,919766626162,C00558,Aarav Kapoor,aarav.kapoor@yahoo.in,C00558,1
P0206,918315894208,C00534,Rohan Sinha,rohan.sinha@yahoo.in,C00534,1
P0207,917884053241,C00187,Karthik Bansal,karthik.bansal@gmail.com,C00187,1
P0208,919677052429,C00126,Nandini Desai,nandini.desai@protonmail.com,C00126|C00593,2
P0209,918422968893,C00454,Rohan Chauhan,rohan.chauhan@yahoo.in,C00454,1
P0210,917176753295,C00503,Aditi Agarwal,aditi.agarwal@protonmail.com,C00503,1
P0211,919222172377,C00028,Sanya Srivastava,sanya.srivastava@outlook.com,C00028,1
P0212,918696498050,C00404,Sahil Rao,sahil.rao@outlook.com,C00404,1
P0213,917105223417,C00002,Deepak Menon,deepak.menon@gmail.com,C00002,1
P0214,918804846501,C00183,Nikhil Menon,nikhil.menon@outlook.com,C00183,1
P0215,918962461635,C00202,Aditi Saxena,aditi.saxena@protonmail.com,C00202,1
P0216,919141712774,C00357,Gaurav Iyer,gaurav.iyer@yahoo.in,C00357,1
P0217,918021598389,C00373,Arjun Thakur,arjun.thakur@gmail.com,C00373,1
P0218,917236178854,C00502,Sneha Jain,sneha.jain@protonmail.com,C00502,1
P0219,917881778844,C00542,Neha Singh,neha.singh@yahoo.in,C00542,1
P0220,918484576618,C00370,Siddharth Sinha,siddharth.sinha@yahoo.in,C00370,1
P0221,918691221913,C00525,Siddharth Mehta,siddharth.mehta@protonmail.com,C00525,1
P0222,919169410813,C00280,Lakshmi Kulkarni,lakshmi.kulkarni@protonmail.com,C00280,1
P0223,918524468183,C00304,Chirag Chauhan,chirag.chauhan@gmail.com,C00304,1
P0224,917960636951,C00095,Simran Thakur,simran.thakur@yahoo.in,C00095,1
P0225,917579284464,C00467,Zoya Malhotra,zoya.malhotra@outlook.com,C00467,1
P0226,918935168219,C00413,Ritika Iyer,ritika.iyer@yahoo.in,C00413,1
P0227,918977120149,C00222,Chirag Kapoor,chirag.kapoor@protonmail.com,C00222,1
P0228,919998428029,C00039,Ridhi Rao,ridhi.rao@outlook.com,C00039,1
P0229,919292353000,C00167,Jatin Desai,jatin.desai@protonmail.com,C00167,1
P0230,917056619052,C00439,Ishaan Kapoor,ishaan.kapoor@gmail.com,C00439,1
P0231,917610160896,C00477,Kabir Bansal,kabir.bansal@yahoo.in,C00477,1
P0232,918465438996,C00296,Vikram Bansal,vikram.bansal@yahoo.in,C00296,1
P0233,917222335134,C00317,Kabir Iyer,kabir.iyer@yahoo.in,C00317,1
P0234,917139026877,C00366,Vikram Sharma,vikram.sharma@outlook.com,C00366,1
P0235,917259138428,C00271,Shreya Rao,shreya.rao@gmail.com,C00271,1
P0236,919994342857,C00244,Pranav Malhotra,pranav.malhotra@outlook.com,C00244,1
P0237,918410178404,C00333,Gaurav Mehra,gaurav.mehra@gmail.com,C00333,1
P0238,919056315706,C00031,Ishaan Mehra,ishaan.mehra@yahoo.in,C00031,1
P0239,917513775812,C00069,Sneha Bansal,sneha.bansal@protonmail.com,C00069,1
P0240,917941354706,C00139,Kavya Dutta,kavya.dutta@yahoo.in,C00139|C00572,2
P0241,919801018749,C00548,Anjali Menon,anjali.menon@gmail.com,C00548,1
P0242,919560027002,C00528,Ritika Menon,ritika.menon@outlook.com,C00528,1
P0243,918957250936,C00420,Karthik Thakur,karthik.thakur@gmail.com,C00420,1
P0244,919857887966,C00331,Kabir Sinha,kabir.sinha@protonmail.com,C00331,1
P0245,918957225345,C00377,Ridhi Rao,ridhi.rao@gmail.com,C00377,1
P0246,918509615201,C00049,Jatin Singh,jatin.singh@outlook.com,C00049,1
P0247,919900375629,C00520,Sahil Patel,sahil.patel@outlook.com,C00520,1
P0248,919884387979,C00044,Ananya Mehra,ananya.mehra@outlook.com,C00044,1
P0249,919891557202,C00371,Kavya Desai,kavya.desai@outlook.com,C00371,1
P0250,918853076469,C00521,Aarav Mehta,aarav.mehta@protonmail.com,C00521,1
P0251,917737629426,C00078,Harsh Rao,harsh.rao@yahoo.in,C00078,1
P0252,917483078140,C00395,Varun Varma,varun.varma@gmail.com,C00395,1
P0253,918862783459,C00067,Uday Nair,uday.nair@protonmail.com,C00067,1
P0254,919291944342,C00267,Ritika Rao,ritika.rao@protonmail.com,C00267,1
P0255,919578261061,C00504,Yash Mehra,yash.mehra@gmail.com,C00504,1
P0256,917932874649,C00334,Gaurav Nair,gaurav.nair@gmail.com,C00334,1
P0257,919785780820,C00196,Aditya Kapoor,aditya.kapoor@outlook.com,C00196,1
P0258,918019893101,C00463,Varun Kulkarni,varun.kulkarni@yahoo.in,C00463,1
P0259,917012161013,C00186,Uday Thakur,uday.thakur@protonmail.com,C00186,1
P0260,917909711797,C00090,Tanvi Verma,tanvi.verma@yahoo.in,C00090,1
P0261,917213629410,C00179,Aarav Gupta,aarav.gupta@gmail.com,C00179,1
P0262,919360258404,C00107,Aarav Thakur,aarav.thakur@outlook.com,C00107,1
P0263,917731957043,C00094,Jatin Mehta,jatin.mehta@protonmail.com,C00094,1
P0264,919282641360,C00514,Aditya Iyer,aditya.iyer@yahoo.in,C00514,1
P0265,918403897551,C00168,Harsh Mehta,harsh.mehta@yahoo.in,C00168,1
P0266,918025052044,C00110,Naveen Srivastava,naveen.srivastava@protonmail.com,C00110,1
P0267,918635584753,C00021,Ishaan Mehra,ishaan.mehra@gmail.com,C00021,1
P0268,918853395651,C00156,Arjun Jain,arjun.jain@outlook.com,C00156,1
P0269,918293338842,C00184,Harsh Thakur,harsh.thakur@protonmail.com,C00184,1
P0270,917313347691,C00224,Pooja Sinha,pooja.sinha@yahoo.in,C00224,1
P0271,918396418880,C00145,Manish Iyer,manish.iyer@gmail.com,C00145,1
P0272,918949325804,C00154,Harsh Bhatia,harsh.bhatia@yahoo.in,C00154|C00583,2
P0273,917579487402,C00297,Nikhil Reddy,nikhil.reddy@protonmail.com,C00297,1
P0274,919480511886,C00149,Arjun Verma,arjun.verma@yahoo.in,C00149,1
P0275,919562931933,C00019,Nandini Mehta,nandini.mehta@protonmail.com,C00019,1
P0276,917305997329,C00148,Manish Patel,manish.patel@yahoo.in,C00148,1
P0277,919802514585,C00364,Naveen Kulkarni,naveen.kulkarni@outlook.com,C00364,1
P0278,917552543693,C00550,Vikram Rao,vikram.rao@gmail.com,C00550,1
P0279,917857434488,C00374,Anjali Desai,anjali.desai@protonmail.com,C00374,1
P0280,918947772272,C00560,Uday Verma,uday.verma@gmail.com,C00560,1
P0281,919531979862,C00423,Pranav Chauhan,pranav.chauhan@protonmail.com,C00423,1
P0282,917189873835,C00064,Bhavna Srivastava,bhavna.srivastava@gmail.com,C00064|C00584,2
P0283,917310846163,C00512,Aarav Varma,aarav.varma@yahoo.in,C00512,1
P0284,918451247219,C00285,Tanvi Singh,tanvi.singh@protonmail.com,C00285,1
P0285,918333986627,C00513,Pranav Bansal,pranav.bansal@gmail.com,C00513,1
P0286,918723323114,C00240,Kavya Nair,kavya.nair@yahoo.in,C00240,1
P0287,918287075603,C00212,Tanvi Chopra,tanvi.chopra@protonmail.com,C00212,1
P0288,918545148251,C00215,Aditya Reddy,aditya.reddy@yahoo.in,C00215,1
P0289,917533644888,C00091,Isha Singh,isha.singh@protonmail.com,C00091,1
P0290,919212965143,C00036,Pooja Agarwal,pooja.agarwal@gmail.com,C00036,1
P0291,918972564757,C00344,Divya Verma,divya.verma@protonmail.com,C00344,1
P0292,918337977306,C00483,Gaurav Khanna,gaurav.khanna@outlook.com,C00483,1
P0293,917687280048,C00358,Siddharth Mehra,siddharth.mehra@outlook.com,C00358|C00571,2
P0294,917233945024,C00009,Karthik Agarwal,karthik.agarwal@gmail.com,C00009,1
P0295,917125137561,C00455,Shreya Reddy,shreya.reddy@yahoo.in,C00455|C00582,2
P0296,919518221048,C00308,Esha Khanna,esha.khanna@outlook.com,C00308,1
P0297,918353558939,C00247,Isha Bansal,isha.bansal@gmail.com,C00247,1
P0298,917139846838,C00461,Priya Thakur,priya.thakur@protonmail.com,C00461|C00580,2
P0299,918895649675,C00082,Uday Chopra,uday.chopra@gmail.com,C00082,1
P0300,919357982164,C00096,Chirag Bhatia,chirag.bhatia@gmail.com,C00096,1
P0301,918313764026,C00114,Siddharth Rao,siddharth.rao@yahoo.in,C00114,1
P0302,919044844550,C00026,Kabir Jain,kabir.jain@yahoo.in,C00026,1
P0303,919651655942,C00545,Ankit Menon,ankit.menon@gmail.com,C00545,1
P0304,918327169509,C00501,Nandini Desai,nandini.desai@gmail.com,C00501,1
P0305,918489251560,C00369,Rohan Srivastava,rohan.srivastava@yahoo.in,C00369,1
P0306,918728228786,C00032,Divya Verma,divya.verma@gmail.com,C00032,1
P0307,918911677347,C00486,Nandini Bhatia,nandini.bhatia@protonmail.com,C00486,1
P0308,917587431618,C00236,Simran Sinha,simran.sinha@outlook.com,C00236|C00570,2
P0309,918999299257,C00153,Chirag Rao,chirag.rao@protonmail.com,C00153,1
P0310,917053792578,C00074,Siddharth Agarwal,siddharth.agarwal@outlook.com,C00074,1
P0311,918941086970,C00234,Varun Kapoor,varun.kapoor@protonmail.com,C00234,1
P0312,918936059516,C00221,Rajat Sinha,rajat.sinha@outlook.com,C00221,1
P0313,918899450225,C00547,Ishaan Kapoor,ishaan.kapoor@protonmail.com,C00547,1
P0314,917001337671,C00468,Pooja Rao,pooja.rao@yahoo.in,C00468,1
P0315,918201098367,C00119,Sahil Menon,sahil.menon@gmail.com,C00119,1
P0316,918283366589,C00559,Chirag Reddy,chirag.reddy@gmail.com,C00559,1
P0317,919887654976,C00494,Simran Sharma,simran.sharma@protonmail.com,C00494,1
P0318,918519689792,C00072,Lakshmi Bhatia,lakshmi.bhatia@protonmail.com,C00072,1
P0319,917009862467,C00079,Lakshmi Singh,lakshmi.singh@gmail.com,C00079,1
P0320,919489769450,C00020,Nandini Desai,nandini.desai@yahoo.in,C00020,1
P0321,919092030853,C00015,Aarav Kapoor,aarav.kapoor@yahoo.in,C00015,1
P0322,919737547928,C00372,Akash Thakur,akash.thakur@yahoo.in,C00372,1
P0323,917043146171,C00292,Arjun Dutta,arjun.dutta@protonmail.com,C00292,1
P0324,919039055211,C00487,Rajat Rao,rajat.rao@protonmail.com,C00487,1
P0325,917719291733,C00191,Naveen Bansal,naveen.bansal@outlook.com,C00191|C00600,2
P0326,918070293489,C00540,Kabir Dutta,kabir.dutta@protonmail.com,C00540,1
P0327,919157880793,C00350,Anjali Varma,anjali.varma@protonmail.com,C00350,1
P0328,919256710941,C00189,Anjali Kulkarni,anjali.kulkarni@protonmail.com,C00189,1
P0329,917262459858,C00415,Isha Mehta,isha.mehta@outlook.com,C00415,1
P0330,917792774133,C00071,Priya Sinha,priya.sinha@gmail.com,C00071|C00599,2
P0331,917084941874,C00325,Ridhi Kulkarni,ridhi.kulkarni@yahoo.in,C00325,1
P0332,917401599925,C00315,Nandini Varma,nandini.varma@protonmail.com,C00315,1
P0333,917723772773,C00385,Chirag Gupta,chirag.gupta@yahoo.in,C00385,1
P0334,919402578819,C00122,Kavya Mehra,kavya.mehra@protonmail.com,C00122,1
P0335,919472277855,C00527,Manish Bhatia,manish.bhatia@yahoo.in,C00527,1
P0336,918885246565,C00453,Deepak Verma,deepak.verma@protonmail.com,C00453,1
P0337,918943947732,C00007,Yash Agarwal,yash.agarwal@protonmail.com,C00007,1
P0338,919758569240,C00111,Harsh Nair,harsh.nair@gmail.com,C00111,1
P0339,919637254790,C00173,Anjali Mehta,anjali.mehta@protonmail.com,C00173,1
P0340,918537462683,C00417,Rahul Iyer,rahul.iyer@gmail.com,C00417,1
P0341,917985474878,C00192,Uday Reddy,uday.reddy@gmail.com,C00192,1
P0342,919240295593,C00085,Aditya Jain,aditya.jain@yahoo.in,C00085,1
P0343,918005274979,C00193,Anjali Mehta,anjali.mehta@outlook.com,C00193,1
P0344,917261435954,C00480,Kabir Varma,kabir.varma@protonmail.com,C00480,1
P0345,917041399495,C00073,Divya Patel,divya.patel@gmail.com,C00073,1
P0346,917582748076,C00057,Bhavna Kulkarni,bhavna.kulkarni@outlook.com,C00057,1
P0347,918149865717,C00429,Zoya Sharma,zoya.sharma@protonmail.com,C00429,1
P0348,917306342923,C00205,Divya Rao,divya.rao@protonmail.com,C00205,1
P0349,918487558821,C00474,Tanvi Singh,tanvi.singh@yahoo.in,C00474,1
P0350,917033258390,C00346,Aditya Iyer,aditya.iyer@yahoo.in,C00346,1
P0351,918325211744,C00141,Shreya Gupta,shreya.gupta@gmail.com,C00141|C00596,2
P0352,919638316412,C00117,Manish Mehta,manish.mehta@protonmail.com,C00117,1
P0353,919013248621,C00511,Neha Agarwal,neha.agarwal@outlook.com,C00511,1
P0354,918063752596,C00376,Aditi Malhotra,aditi.malhotra@yahoo.in,C00376,1
P0355,918786494026,C00123,Sahil Bhatia,sahil.bhatia@outlook.com,C00123,1
P0356,917696163890,C00159,Sneha Khanna,sneha.khanna@yahoo.in,C00159,1
P0357,918247329538,C00100,Yash Malhotra,yash.malhotra@gmail.com,C00100,1
P0358,918019310879,C00425,Gaurav Gupta,gaurav.gupta@outlook.com,C00425,1
P0359,917750124849,C00405,Sneha Bansal,sneha.bansal@yahoo.in,C00405,1
P0360,919292916883,C00275,Esha Rao,esha.rao@gmail.com,C00275,1
P0361,919113174671,C00293,Sneha Agarwal,sneha.agarwal@outlook.com,C00293,1
P0362,917546255072,C00177,Bhavna Bansal,bhavna.bansal@gmail.com,C00177,1
P0363,917940131678,C00422,Isha Malhotra,isha.malhotra@gmail.com,C00422,1
P0364,918456957252,C00038,Neha Chauhan,neha.chauhan@outlook.com,C00038|C00565,2
P0365,917664558508,C00407,Isha Kapoor,isha.kapoor@protonmail.com,C00407,1
P0366,919982489786,C00147,Karthik Verma,karthik.verma@gmail.com,C00147,1
P0367,919025177628,C00497,Anjali Agarwal,anjali.agarwal@outlook.com,C00497|C00566,2
P0368,919014365754,C00349,Meera Bhatia,meera.bhatia@outlook.com,C00349,1
P0369,918971017370,C00524,Karthik Singh,karthik.singh@outlook.com,C00524,1
P0370,918192539820,C00066,Aarav Iyer,aarav.iyer@protonmail.com,C00066,1
P0371,917530071704,C00361,Anjali Chopra,anjali.chopra@yahoo.in,C00361,1
P0372,919131376295,C00432,Harsh Bansal,harsh.bansal@gmail.com,C00432,1
P0373,919530966207,C00083,Nandini Agarwal,nandini.agarwal@yahoo.in,C00083,1
P0374,919786898373,C00375,Tarun Mehra,tarun.mehra@protonmail.com,C00375,1
P0375,918470547346,C00518,Simran Kulkarni,simran.kulkarni@gmail.com,C00518,1
P0376,918833964167,C00075,Aarav Malhotra,aarav.malhotra@gmail.com,C00075,1
P0377,919526438169,C00555,Jatin Shetty,jatin.shetty@gmail.com,C00555,1
P0378,918164265404,C00106,Sneha Sinha,sneha.sinha@yahoo.in,C00106,1
P0379,918914220369,C00378,Rahul Iyer,rahul.iyer@gmail.com,C00378,1
P0380,918285697710,C00408,Aditya Khanna,aditya.khanna@yahoo.in,C00408,1
P0381,919183836931,C00389,Priya Reddy,priya.reddy@gmail.com,C00389,1
P0382,918779048725,C00510,Lakshmi Malhotra,lakshmi.malhotra@protonmail.com,C00510,1
P0383,918409279286,C00459,Sneha Nair,sneha.nair@yahoo.in,C00459,1
P0384,919014237852,C00287,Ridhi Menon,ridhi.menon@gmail.com,C00287,1
P0385,918127282836,C00391,Uday Dutta,uday.dutta@yahoo.in,C00391,1
P0386,917334317547,C00414,Arjun Chopra,arjun.chopra@outlook.com,C00414,1
P0387,917513039761,C00237,Ritika Chauhan,ritika.chauhan@outlook.com,C00237,1
P0388,919897512450,C00165,Pooja Srivastava,pooja.srivastava@gmail.com,C00165,1
P0389,918345733036,C00305,Neha Saxena,neha.saxena@protonmail.com,C00305,1
P0390,919374315263,C00174,Kavya Mehra,kavya.mehra@yahoo.in,C00174,1
P0391,917762886039,C00235,Manish Sharma,manish.sharma@protonmail.com,C00235,1
P0392,919468877185,C00030,Arjun Singh,arjun.singh@gmail.com,C00030,1
P0393,918939730577,C00137,Ankit Mehta,ankit.mehta@protonmail.com,C00137,1
P0394,918770139679,C00135,Sanya Srivastava,sanya.srivastava@protonmail.com,C00135,1
P0395,919754653360,C00329,Naveen Mehra,naveen.mehra@outlook.com,C00329,1
P0396,918461375572,C00291,Ishaan Varma,ishaan.varma@outlook.com,C00291,1
P0397,919289225677,C00180,Akash Malhotra,akash.malhotra@gmail.com,C00180,1
P0398,918003489073,C00242,Varun Kulkarni,varun.kulkarni@outlook.com,C00242,1
P0399,917663886722,C00381,Tarun Jain,tarun.jain@outlook.com,C00381,1
P0400,919323472216,C00539,Neha Dutta,neha.dutta@outlook.com,C00539,1
P0401,919857657090,C00326,Harsh Bansal,harsh.bansal@protonmail.com,C00326,1
P0402,918744913105,C00398,Ritika Kulkarni,ritika.kulkarni@yahoo.in,C00398,1
P0403,918783239732,C00533,Varun Jain,varun.jain@outlook.com,C00533,1
P0404,917002140134,C00155,Arjun Bhatia,arjun.bhatia@yahoo.in,C00155,1
P0405,917212699046,C00403,Ishaan Rao,ishaan.rao@yahoo.in,C00403,1
P0406,918778864671,C00452,Kavya Chauhan,kavya.chauhan@protonmail.com,C00452,1
P0407,917029734181,C00171,Anjali Sharma,anjali.sharma@yahoo.in,C00171,1
P0408,919261278253,C00257,Isha Mehta,isha.mehta@outlook.com,C00257,1
P0409,918249095748,C00274,Nandini Nair,nandini.nair@yahoo.in,C00274,1
P0410,917457718340,C00458,Ishaan Nair,ishaan.nair@yahoo.in,C00458,1
P0411,919255421863,C00552,Rajat Nair,rajat.nair@yahoo.in,C00552,1
P0412,917337625965,C00384,Nikhil Reddy,nikhil.reddy@gmail.com,C00384,1
P0413,918843771011,C00412,Ishaan Menon,ishaan.menon@outlook.com,C00412,1
P0414,918685999775,C00264,Tanvi Dutta,tanvi.dutta@outlook.com,C00264|C00589,2
P0415,917753848395,C00396,Vikram Srivastava,vikram.srivastava@protonmail.com,C00396,1
P0416,917309428988,C00300,Farhan Khanna,farhan.khanna@yahoo.in,C00300,1
P0417,919296676112,C00507,Aditya Reddy,aditya.reddy@gmail.com,C00507,1
P0418,917203261946,C00176,Rahul Srivastava,rahul.srivastava@gmail.com,C00176,1
P0419,917329793073,C00493,Isha Khanna,isha.khanna@outlook.com,C00493,1
P0420,918504674860,C00356,Tarun Rao,tarun.rao@gmail.com,C00356,1
P0421,918793391530,C00301,Harsh Gupta,harsh.gupta@outlook.com,C00301,1
P0422,919447033985,C00163,Aarav Mehta,aarav.mehta@gmail.com,C00163,1
P0423,919019876970,C00316,Ritika Saxena,ritika.saxena@yahoo.in,C00316,1
P0424,919655060700,C00254,Kabir Patel,kabir.patel@protonmail.com,C00254,1
P0425,918344783739,C00322,Arjun Gupta,arjun.gupta@outlook.com,C00322,1
P0426,918757090726,C00144,Vikram Desai,vikram.desai@gmail.com,C00144,1
P0427,917593141805,C00388,Akash Chopra,akash.chopra@yahoo.in,C00388,1
P0428,918726249748,C00131,Farhan Mehra,farhan.mehra@yahoo.in,C00131,1
P0429,917431360981,C00401,Kavya Reddy,kavya.reddy@yahoo.in,C00401,1
P0430,919362869860,C00324,Kabir Agarwal,kabir.agarwal@yahoo.in,C00324,1
P0431,918679320000,C00419,Naveen Shetty,naveen.shetty@outlook.com,C00419,1
P0432,918823985845,C00460,Priya Khanna,priya.khanna@outlook.com,C00460,1
P0433,919079241703,C00363,Pooja Malhotra,pooja.malhotra@yahoo.in,C00363,1
P0434,917041734866,C00256,Uday Patel,uday.patel@protonmail.com,C00256,1
P0435,917817919943,C00227,Priya Shetty,priya.shetty@gmail.com,C00227,1
P0436,917672426321,C00418,Kavya Bhatia,kavya.bhatia@protonmail.com,C00418,1
P0437,917362524359,C00004,Priya Agarwal,priya.agarwal@protonmail.com,C00004,1
P0438,918267575408,C00129,Arjun Sharma,arjun.sharma@outlook.com,C00129,1
P0439,917402676658,C00162,Akash Mehta,akash.mehta@protonmail.com,C00162,1
P0440,918807045153,C00289,Deepak Saxena,deepak.saxena@protonmail.com,C00289|C00568,2
P0441,918830592405,C00553,Bhavna Verma,bhavna.verma@protonmail.com,C00553,1
P0442,919743225155,C00231,Isha Rao,isha.rao@gmail.com,C00231,1
P0443,918132563511,C00288,Neha Reddy,neha.reddy@yahoo.in,C00288,1
P0444,917876444499,C00522,Isha Khanna,isha.khanna@outlook.com,C00522,1
P0445,919882631743,C00260,Arjun Saxena,arjun.saxena@protonmail.com,C00260,1
P0446,918619288032,C00050,Manish Reddy,manish.reddy@yahoo.in,C00050,1
P0447,918282196740,C00076,Ritika Agarwal,ritika.agarwal@yahoo.in,C00076,1
P0448,917017351828,C00158,Aditya Sharma,aditya.sharma@protonmail.com,C00158,1
P0449,918719213752,C00433,Lakshmi Sinha,lakshmi.sinha@protonmail.com,C00433,1
P0450,917341576864,C00466,Ankit Gupta,ankit.gupta@gmail.com,C00466,1
P0451,917757688576,C00081,Rajat Agarwal,rajat.agarwal@yahoo.in,C00081,1
P0452,919472860278,C00262,Akash Nair,akash.nair@outlook.com,C00262,1
P0453,918494277008,C00457,Rohan Rao,rohan.rao@gmail.com,C00457,1
P0454,919865456430,C00365,Aditi Kapoor,aditi.kapoor@gmail.com,C00365,1
P0455,919023661617,C00351,Yash Saxena,yash.saxena@gmail.com,C00351,1
P0456,919534019095,C00006,Zoya Varma,zoya.varma@outlook.com,C00006,1
P0457,919000359476,C00188,Simran Desai,simran.desai@protonmail.com,C00188,1
P0458,917511466452,C00228,Neha Reddy,neha.reddy@protonmail.com,C00228,1
P0459,918445650882,C00499,Manish Shetty,manish.shetty@yahoo.in,C00499|C00586,2
P0460,919268758504,C00485,Sahil Desai,sahil.desai@protonmail.com,C00485,1
P0461,918413770633,C00087,Aditya Nair,aditya.nair@yahoo.in,C00087,1
P0462,918781217664,C00017,Karthik Patel,karthik.patel@gmail.com,C00017,1
P0463,918538863719,C00294,Naveen Singh,naveen.singh@gmail.com,C00294,1
P0464,917456974675,C00080,Ridhi Rao,ridhi.rao@gmail.com,C00080,1
P0465,917146794275,C00251,Kabir Kapoor,kabir.kapoor@yahoo.in,C00251,1
P0466,917885938000,C00053,Aarav Kapoor,aarav.kapoor@outlook.com,C00053,1
P0467,919201211830,C00012,Deepak Iyer,deepak.iyer@outlook.com,C00012,1
P0468,917083187525,C00484,Simran Varma,simran.varma@protonmail.com,C00484,1
P0469,919253915401,C00005,Ishaan Agarwal,ishaan.agarwal@protonmail.com,C00005,1
P0470,918136325171,C00001,Jatin Khanna,jatin.khanna@yahoo.in,C00001,1
P0471,919361584569,C00290,Pranav Sinha,pranav.sinha@yahoo.in,C00290,1
P0472,919254480458,C00340,Aditi Verma,aditi.verma@yahoo.in,C00340,1
P0473,919368460894,C00491,Rahul Jain,rahul.jain@gmail.com,C00491,1
P0474,919292563954,C00182,Rahul Sinha,rahul.sinha@outlook.com,C00182,1
P0475,918463017512,C00046,Naveen Mehta,naveen.mehta@outlook.com,C00046,1
P0476,917123581521,C00386,Gaurav Nair,gaurav.nair@outlook.com,C00386,1
P0477,917139352303,C00181,Yash Rao,yash.rao@outlook.com,C00181,1
P0478,918565561362,C00211,Sahil Bansal,sahil.bansal@outlook.com,C00211,1
P0479,918994834674,C00347,Chirag Menon,chirag.menon@gmail.com,C00347,1
P0480,917681426611,C00047,Chirag Mehta,chirag.mehta@protonmail.com,C00047,1
P0481,917363829828,C00223,Tanvi Iyer,tanvi.iyer@protonmail.com,C00223,1
P0482,918571427596,C00025,Ridhi Desai,ridhi.desai@gmail.com,C00025,1
P0483,917538495446,C00337,Siddharth Desai,siddharth.desai@outlook.com,C00337,1
P0484,917164469982,C00152,Varun Kulkarni,varun.kulkarni@protonmail.com,C00152,1
P0485,917592356752,C00537,Priya Patel,priya.patel@outlook.com,C00537,1
P0486,918392625008,C00246,Tarun Sinha,tarun.sinha@outlook.com,C00246,1
P0487,917007219420,C00427,Simran Menon,simran.menon@outlook.com,C00427,1
P0488,918911913130,C00023,Aditya Bansal,aditya.bansal@gmail.com,C00023,1
P0489,919047383961,C00127,Jatin Sharma,jatin.sharma@outlook.com,C00127,1
P0490,917621516665,C00442,Varun Iyer,varun.iyer@yahoo.in,C00442,1
P0491,919428618737,C00382,Harsh Menon,harsh.menon@outlook.com,C00382,1
P0492,918639350149,C00151,Kavya Verma,kavya.verma@outlook.com,C00151,1
P0493,919374375742,C00387,Karthik Reddy,karthik.reddy@gmail.com,C00387,1
P0494,919282332674,C00328,Kabir Sharma,kabir.sharma@outlook.com,C00328,1
P0495,917017736795,C00172,Naveen Jain,naveen.jain@gmail.com,C00172,1
P0496,919030218614,C00268,Chirag Chauhan,chirag.chauhan@outlook.com,C00268,1
P0497,919968732103,C00438,Gaurav Jain,gaurav.jain@outlook.com,C00438|C00574,2
P0498,917791253654,C00360,Akash Mehra,akash.mehra@outlook.com,C00360,1
P0499,917185151208,C00029,Tarun Dutta,tarun.dutta@gmail.com,C00029,1
P0500,918620919633,C00230,Deepak Nair,deepak.nair@gmail.com,C00230,1
P0501,919245616426,C00164,Uday Kulkarni,uday.kulkarni@outlook.com,C00164,1
P0502,917146323520,C00185,Rahul Khanna,rahul.khanna@gmail.com,C00185,1
P0503,918564835948,C00098,Ankit Thakur,ankit.thakur@gmail.com,C00098,1
P0504,918939791301,C00556,Varun Menon,varun.menon@protonmail.com,C00556,1
P0505,917743359535,C00273,Tarun Thakur,tarun.thakur@protonmail.com,C00273,1
P0506,917462824632,C00105,Naveen Menon,naveen.menon@protonmail.com,C00105,1
P0507,919836623461,C00208,Deepak Kulkarni,deepak.kulkarni@yahoo.in,C00208,1
P0508,917262548941,C00469,Sahil Iyer,sahil.iyer@yahoo.in,C00469,1
P0509,918348645552,C00475,Pooja Singh,pooja.singh@outlook.com,C00475,1
P0510,918917827786,C00013,Tarun Chopra,tarun.chopra@gmail.com,C00013,1
P0511,918020414770,C00045,Tanvi Varma,tanvi.varma@yahoo.in,C00045,1
P0512,918830118850,C00481,Sanya Iyer,sanya.iyer@yahoo.in,C00481,1
P0513,918833519602,C00104,Rahul Sinha,rahul.sinha@yahoo.in,C00104,1
P0514,918313342242,C00314,Ananya Bansal,ananya.bansal@gmail.com,C00314,1
P0515,917823656989,C00092,Farhan Dutta,farhan.dutta@gmail.com,C00092,1
P0516,919342335025,C00027,Akash Menon,akash.menon@outlook.com,C00027,1
P0517,918680892492,C00226,Vikram Srivastava,vikram.srivastava@protonmail.com,C00226,1
P0518,917223263855,C00355,Ananya Singh,ananya.singh@gmail.com,C00355,1
P0519,919629186387,C00472,Ridhi Thakur,ridhi.thakur@protonmail.com,C00472,1
P0520,917804020182,C00043,Siddharth Nair,siddharth.nair@outlook.com,C00043,1
P0521,919339550718,C00380,Pooja Rao,pooja.rao@yahoo.in,C00380,1
P0522,918183854409,C00409,Naveen Dutta,naveen.dutta@protonmail.com,C00409,1
P0523,918279947504,C00138,Nandini Srivastava,nandini.srivastava@protonmail.com,C00138,1
P0524,919124757937,C00311,Tanvi Desai,tanvi.desai@outlook.com,C00311,1
P0525,917271992449,C00213,Chirag Sinha,chirag.sinha@yahoo.in,C00213,1
P0526,917188653404,C00166,Manish Iyer,manish.iyer@gmail.com,C00166,1
P0527,918137314037,C00368,Nikhil Chauhan,nikhil.chauhan@protonmail.com,C00368,1
P0528,918678570382,C00142,Shreya Iyer,shreya.iyer@protonmail.com,C00142,1
P0529,918672415527,C00508,Divya Rao,divya.rao@yahoo.in,C00508,1
P0530,918522334605,C00393,Bhavna Kapoor,bhavna.kapoor@outlook.com,C00393,1
P0531,917253144275,C00282,Ridhi Nair,ridhi.nair@protonmail.com,C00282,1
P0532,918412148133,C00055,Akash Saxena,akash.saxena@protonmail.com,C00055,1
P0533,919013022930,C00447,Sanya Rao,sanya.rao@outlook.com,C00447,1
P0534,917853980365,C00128,Rajat Khanna,rajat.khanna@yahoo.in,C00128,1
P0535,918710849807,C00492,Shreya Desai,shreya.desai@gmail.com,C00492,1
P0536,917089635186,C00543,Isha Jain,isha.jain@outlook.com,C00543,1
P0537,917627533391,C00505,Priya Jain,priya.jain@outlook.com,C00505,1
P0538,918810085916,C00390,Vikram Bansal,vikram.bansal@yahoo.in,C00390,1
P0539,918579778826,C00448,Uday Saxena,uday.saxena@yahoo.in,C00448,1
P0540,919623668860,C00336,Isha Dutta,isha.dutta@outlook.com,C00336,1
P0541,917039375188,C00437,Farhan Thakur,farhan.thakur@gmail.com,C00437,1
P0542,917582846815,C00352,Ankit Thakur,ankit.thakur@yahoo.in,C00352,1
P0543,918121993039,C00532,Priya Varma,priya.varma@outlook.com,C00532,1
P0544,917697164675,C00175,Ananya Chauhan,ananya.chauhan@yahoo.in,C00175,1
P0545,919326574326,C00214,Simran Mehta,simran.mehta@gmail.com,C00214,1
P0546,919410179331,C00024,Varun Desai,varun.desai@yahoo.in,C00024,1
P0547,917664840540,C00313,Chirag Chopra,chirag.chopra@gmail.com,C00313,1
P0548,919366758050,C00169,Gaurav Sinha,gaurav.sinha@gmail.com,C00169,1
P0549,917271814996,C00399,Manish Chopra,manish.chopra@gmail.com,C00399,1
P0550,918467722184,C00430,Ridhi Bansal,ridhi.bansal@outlook.com,C00430,1
P0551,918511198969,C00146,Sneha Sinha,sneha.sinha@outlook.com,C00146,1
P0552,919254092284,C00061,Siddharth Jain,siddharth.jain@yahoo.in,C00061,1
P0553,919340074096,C00239,Farhan Varma,farhan.varma@protonmail.com,C00239,1
P0554,917872227792,C00243,Rajat Reddy,rajat.reddy@yahoo.in,C00243,1
P0555,917809477418,C00353,Ananya Agarwal,ananya.agarwal@protonmail.com,C00353,1
P0556,917534734461,C00097,Manish Menon,manish.menon@protonmail.com,C00097,1
P0557,917383425041,C00323,Rahul Menon,rahul.menon@gmail.com,C00323,1
P0558,919599361245,C00207,Kabir Malhotra,kabir.malhotra@protonmail.com,C00207,1
P0559,919186444377,C00515,Rahul Iyer,rahul.iyer@gmail.com,C00515,1
P0560,919047312206,C00272,Rajat Rao,rajat.rao@yahoo.in,C00272,1
