interview_id,application_id,person_id,requisition_key,interviewer_user_key,scheduled_date_key,type,outcome,score
I01192,A01336,P0156,REQK0023,USERK0010,20260620,Culture,pass,3
I01057,A01186,P0513,REQK0002,USERK0005,20260618,System design,pass,5
I00525,A00594,P0395,REQK0019,USERK0011,20260721,Panel,pass,3
I00500,A00572,P0142,REQK0006,USERK0009,20260517,Culture,no_show,4
I00608,A00672,P0445,REQK0025,USERK0002,20251021,System design,fail,3
I00271,A00319,P0198,REQK0015,USERK0012,20260227,Technical,no_show,4
I00451,A00522,P0527,REQK0011,USERK0009,20260327,Screen call,pass,3
I01013,A01123,P0156,REQK0024,USERK0011,20260707,Culture,fail,2
I00688,A00766,P0032,REQK0004,USERK0005,20260529,Screen call,pass,4
I01189,A01334,P0018,REQK0016,USERK0004,20260222,System design,fail,3
I00589,A00658,P0114,REQK0008,USERK0010,20260724,System design,no_show,2
I00040,A00055,P0327,REQK0023,USERK0008,20260506,Technical,pending,2
I00483,A00557,P0490,REQK0018,USERK0008,20260303,Technical,fail,4
I00732,A00810,P0353,REQK0008,USERK0001,20260427,Technical,fail,5
I00305,A00362,P0506,REQK0015,USERK0003,20260715,Screen call,fail,2
I00953,A01067,P0135,REQK0016,USERK0004,20260510,Screen call,fail,2
I01074,A01201,P0348,REQK0021,USERK0002,20260629,System design,pass,4
I00547,A00617,P0022,REQK0013,USERK0009,20260515,Screen call,pass,4
I00374,A00422,P0076,REQK0001,USERK0012,20260717,Screen call,no_show,4
I00987,A01101,P0450,REQK0004,USERK0005,20260528,Screen call,fail,2
I00978,A01095,P0541,REQK0009,USERK0003,20260118,Technical,no_show,3
I00218,A00266,P0211,REQK0008,USERK0009,20260429,Culture,pending,5
I00287,A00340,P0278,REQK0010,USERK0005,20260408,Panel,no_show,3
I00141,A00177,P0063,REQK0007,USERK0002,20260630,System design,pass,4
I00365,A00411,P0039,REQK0007,USERK0007,20260302,Technical,no_show,
I00926,A01028,P0293,REQK0018,USERK0008,20260421,Panel,fail,2
I00772,A00855,P0392,REQK0006,USERK0009,20260308,Technical,pass,4
I00964,A01079,P0177,REQK0014,USERK0001,20260309,Culture,pass,2
I00063,A00073,P0415,REQK0015,USERK0001,20260225,Screen call,pass,5
I00696,A00777,P0194,REQK0018,USERK0001,20260424,Screen call,pending,3
I01089,A01209,P0148,REQK0013,USERK0007,20260710,Culture,pass,
I00587,A00652,P0532,REQK0018,USERK0005,20260422,Technical,fail,4
I00633,A00716,P0290,REQK0014,USERK0002,20251121,Technical,pending,4
I00443,A00514,P0265,REQK0003,USERK0003,20260622,Screen call,pass,2
I01146,A01270,P0359,REQK0019,USERK0003,20260614,Panel,pass,5
I00226,A00274,P0070,REQK0004,USERK0008,20260517,Screen call,pending,3
I00361,A00410,P0146,REQK0014,USERK0009,20260415,Screen call,fail,4
I00002,A00009,P0152,REQK0018,USERK0001,20260211,Culture,pending,2
I00128,A00159,P0352,REQK0006,USERK0005,20260620,Culture,fail,3
I00984,A01099,P0062,REQK0001,USERK0011,20260801,Culture,pending,2
I00918,A01015,P0202,REQK0006,USERK0001,20260218,Technical,pending,3
I00911,A01012,P0386,REQK0002,USERK0003,20251105,Technical,pending,5
I00562,A00633,P0385,REQK0006,USERK0011,20260520,Culture,pending,4
I00416,A00474,P0135,REQK0012,USERK0002,20260426,System design,no_show,2
I01207,A01354,P0386,REQK0022,USERK0009,20260318,Panel,fail,
I01090,A01209,P0148,REQK0013,USERK0004,20260713,Panel,pending,5
I00116,A00144,P0347,REQK0008,USERK0004,20260704,Technical,pass,3
I01256,A01431,P0494,REQK0006,USERK0009,20260610,Panel,pending,3
I00154,A00195,P0500,REQK0026,USERK0010,20260509,Screen call,fail,3
I00147,A00187,P0136,REQK0012,USERK0004,20260616,System design,pass,5
I01066,A01195,P0337,REQK0005,USERK0005,20260712,System design,pending,5
I00946,A01056,P0351,REQK0026,USERK0002,20260718,System design,pending,3
I00564,A00635,P0296,REQK0014,USERK0001,20260629,Screen call,no_show,3
I00316,A00376,P0293,REQK0002,USERK0007,20260416,System design,pass,4
I00136,A00170,P0349,REQK0022,USERK0002,20260429,Screen call,pending,5
I00550,A00618,P0218,REQK0003,USERK0002,20260508,System design,pending,5
I00948,A01060,P0392,REQK0002,USERK0005,20251218,Screen call,fail,4
I00009,A00017,P0150,REQK0026,USERK0001,20260507,Culture,pass,2
I00384,A00436,P0427,REQK0022,USERK0008,20251204,Screen call,no_show,4
I00638,A00720,P0316,REQK0009,USERK0011,20260703,Culture,fail,2
I00138,A00170,P0349,REQK0022,USERK0009,20260505,Screen call,pending,3
I00149,A00187,P0136,REQK0012,USERK0005,20260622,Culture,fail,3
I00381,A00428,P0025,REQK0023,USERK0010,20260604,Panel,pass,2
I00966,A01082,P0496,REQK0019,USERK0002,20260713,System design,pass,
I00355,A00408,P0361,REQK0007,USERK0010,20260611,Culture,pass,2
I00380,A00428,P0025,REQK0023,USERK0009,20260601,Culture,pass,5
I00974,A01089,P0084,REQK0008,USERK0009,20260717,Technical,no_show,5
I00750,A00832,P0320,REQK0013,USERK0010,20260615,Screen call,fail,3
I00687,A00766,P0032,REQK0004,USERK0007,20260526,Technical,pending,3
I00362,A00410,P0146,REQK0014,USERK0006,20260418,Culture,pass,5
I01092,A01210,P0124,REQK0003,USERK0004,20260324,Screen call,pending,5
I00159,A00199,P0020,REQK0012,USERK0011,20251210,Technical,no_show,3
I00262,A00308,P0169,REQK0007,USERK0011,20260218,Screen call,no_show,3
I00956,A01070,P0358,REQK0023,USERK0011,20260624,Screen call,no_show,3
I00735,A00815,P0532,REQK0002,USERK0006,20260606,Panel,fail,
I00739,A00821,P0308,REQK0011,USERK0012,20251229,Screen call,fail,3
I01273,A01449,P0142,REQK0007,USERK0005,20260611,Panel,no_show,
I01262,A01436,P0268,REQK0008,USERK0006,20260525,Panel,pass,3
I00668,A00754,P0305,REQK0016,USERK0008,20260728,Panel,pass,4
I00990,A01104,P0169,REQK0004,USERK0004,20260612,System design,no_show,5
I00273,A00321,P0542,REQK0025,USERK0012,20251120,Technical,pass,2
I00478,A00553,P0053,REQK0009,USERK0011,20260706,Screen call,pass,3
I00897,A00993,P0403,REQK0025,USERK0004,20260119,Culture,pending,4
I00854,A00948,P0058,REQK0019,USERK0001,20260526,Technical,fail,4
I00662,A00747,P0391,REQK0007,USERK0002,20251214,Culture,pending,4
I00447,A00516,P0149,REQK0006,USERK0009,20260729,Technical,fail,
I00892,A00988,P0532,REQK0019,USERK0007,20260703,Technical,pending,4
I00563,A00635,P0296,REQK0014,USERK0003,20260626,Screen call,no_show,3
I00230,A00275,P0438,REQK0008,USERK0011,20260628,Panel,pass,3
I00747,A00830,P0170,REQK0005,USERK0005,20260402,Technical,no_show,5
I00575,A00645,P0059,REQK0012,USERK0004,20260602,Culture,pass,5
I00818,A00906,P0276,REQK0019,USERK0010,20260726,Technical,no_show,4
I00162,A00200,P0351,REQK0003,USERK0006,20260720,System design,pending,5
I01199,A01342,P0483,REQK0002,USERK0002,20260615,Panel,pass,3
I00906,A01004,P0443,REQK0024,USERK0008,20260623,System design,no_show,5
I00844,A00934,P0216,REQK0012,USERK0001,20260715,Culture,pass,
I00536,A00604,P0363,REQK0018,USERK0011,20260531,Panel,pass,5
I00279,A00329,P0187,REQK0015,USERK0002,20260720,Screen call,fail,4
I00220,A00269,P0414,REQK0022,USERK0009,20260404,System design,pass,4
I00515,A00590,P0075,REQK0001,USERK0006,20260717,Screen call,no_show,2
I00912,A01012,P0386,REQK0002,USERK0012,20251108,Culture,fail,3
I00314,A00373,P0146,REQK0007,USERK0011,20251221,Panel,pass,3
I00492,A00565,P0248,REQK0013,USERK0009,20260515,Screen call,pass,3
I00486,A00558,P0327,REQK0005,USERK0011,20260402,Panel,no_show,3
I01141,A01265,P0089,REQK0012,USERK0003,20260409,Screen call,pass,2
I00125,A00154,P0452,REQK0021,USERK0007,20260630,System design,pending,5
I00418,A00474,P0135,REQK0012,USERK0003,20260502,Technical,pending,
I00715,A00798,P0388,REQK0012,USERK0010,20260208,Screen call,pass,3
I01045,A01171,P0283,REQK0025,USERK0002,20260514,Culture,pending,
I00819,A00906,P0276,REQK0019,USERK0010,20260729,System design,fail,4
I00018,A00026,P0496,REQK0009,USERK0010,20260614,Panel,no_show,3
I01004,A01116,P0501,REQK0021,USERK0006,20260527,Culture,pass,2
I01122,A01240,P0509,REQK0014,USERK0001,20260712,Culture,fail,5
I00209,A00253,P0150,REQK0020,USERK0006,20260620,Technical,no_show,4
I00685,A00765,P0256,REQK0015,USERK0004,20260602,System design,pass,3
I00606,A00672,P0445,REQK0025,USERK0005,20251015,Culture,pass,5
I00596,A00661,P0013,REQK0003,USERK0007,20260114,Technical,fail,2
I01009,A01120,P0293,REQK0010,USERK0007,20260727,Culture,pending,4
I00617,A00682,P0299,REQK0010,USERK0005,20260627,Panel,fail,3
I00667,A00753,P0050,REQK0026,USERK0007,20260630,System design,pass,
I00472,A00547,P0344,REQK0008,USERK0003,20260712,System design,no_show,3
I00644,A00723,P0498,REQK0012,USERK0012,20260125,Technical,pass,5
I00074,A00094,P0434,REQK0006,USERK0003,20260626,Screen call,pass,4
I00347,A00398,P0060,REQK0014,USERK0005,20260309,System design,no_show,4
I00008,A00016,P0251,REQK0001,USERK0007,20260612,Culture,pass,4
I00299,A00358,P0041,REQK0012,USERK0007,20251110,System design,pending,4
I00603,A00668,P0061,REQK0020,USERK0010,20260531,Culture,pass,4
I00303,A00361,P0364,REQK0026,USERK0005,20260802,System design,no_show,3
I01124,A01240,P0509,REQK0014,USERK0008,20260718,Culture,pass,3
I01129,A01249,P0465,REQK0004,USERK0010,20260515,Screen call,fail,3
I01097,A01214,P0332,REQK0003,USERK0008,20260729,Technical,pass,
I00848,A00935,P0428,REQK0010,USERK0009,20260620,Screen call,pass,5
I01177,A01303,P0527,REQK0017,USERK0005,20260212,Technical,pass,4
I00880,A00978,P0435,REQK0001,USERK0007,20260721,Culture,pending,5
I00765,A00851,P0557,REQK0025,USERK0006,20260317,Screen call,no_show,5
I00557,A00632,P0092,REQK0019,USERK0001,20260731,Culture,no_show,
I00709,A00787,P0435,REQK0019,USERK0011,20260606,System design,pass,4
I00291,A00345,P0094,REQK0013,USERK0005,20260505,Screen call,pass,5
I00157,A00196,P0516,REQK0009,USERK0003,20260423,Panel,pass,3
I00902,A01002,P0136,REQK0001,USERK0011,20260719,Panel,no_show,
I01160,A01281,P0198,REQK0017,USERK0005,20260331,Panel,pass,3
I00188,A00235,P0229,REQK0016,USERK0002,20260703,Culture,fail,5
I00253,A00293,P0026,REQK0004,USERK0011,20260707,Panel,pass,3
I00337,A00389,P0437,REQK0012,USERK0002,20260709,Technical,pending,4
I01194,A01336,P0156,REQK0023,USERK0002,20260626,Screen call,pass,3
I00785,A00871,P0054,REQK0003,USERK0001,20251117,Panel,fail,5
I00067,A00079,P0180,REQK0021,USERK0012,20260602,Technical,pending,4
I00734,A00815,P0532,REQK0002,USERK0010,20260603,Screen call,fail,3
I00837,A00931,P0041,REQK0019,USERK0012,20260709,Screen call,pass,3
I00489,A00561,P0087,REQK0025,USERK0004,20260407,System design,fail,3
I01110,A01220,P0377,REQK0016,USERK0004,20260115,Panel,pending,2
I00156,A00196,P0516,REQK0009,USERK0003,20260420,Screen call,pass,2
I01261,A01436,P0268,REQK0008,USERK0003,20260522,Screen call,fail,4
I00554,A00625,P0054,REQK0026,USERK0012,20260522,Technical,pass,2
I00940,A01043,P0062,REQK0013,USERK0010,20260612,Screen call,pass,2
I00450,A00517,P0537,REQK0007,USERK0007,20260110,Culture,fail,
I00454,A00525,P0167,REQK0025,USERK0003,20260528,Culture,pass,
I00690,A00770,P0246,REQK0025,USERK0005,20251101,Culture,pending,2
I00811,A00899,P0130,REQK0015,USERK0011,20260413,Screen call,fail,2
I00514,A00586,P0173,REQK0002,USERK0012,20251224,Panel,no_show,5
I00005,A00015,P0481,REQK0019,USERK0008,20260718,Culture,no_show,4
I00879,A00975,P0473,REQK0011,USERK0009,20260602,Panel,pass,4
I01119,A01237,P0368,REQK0013,USERK0005,20260414,Panel,pass,3
I01224,A01387,P0548,REQK0003,USERK0012,20260429,Technical,no_show,4
I00876,A00973,P0184,REQK0018,USERK0005,20260420,Culture,pending,3
I00025,A00038,P0379,REQK0003,USERK0006,20251123,Technical,fail,3
I01075,A01201,P0348,REQK0021,USERK0010,20260702,System design,pass,3
I00278,A00327,P0003,REQK0012,USERK0008,20260402,Technical,pass,3
I00962,A01076,P0122,REQK0007,USERK0012,20260727,Culture,fail,5
I00852,A00945,P0521,REQK0019,USERK0005,20260708,Technical,pass,4
I00960,A01074,P0249,REQK0007,USERK0012,20260312,Technical,pass,3
I00878,A00974,P0032,REQK0001,USERK0009,20260712,Screen call,pass,2
I00420,A00483,P0156,REQK0013,USERK0001,20260228,Panel,fail,4
I00360,A00409,P0088,REQK0024,USERK0007,20260724,Screen call,pass,4
I00991,A01104,P0169,REQK0004,USERK0002,20260615,Panel,no_show,3
I00383,A00433,P0163,REQK0021,USERK0003,20260520,Screen call,no_show,3
I00498,A00570,P0253,REQK0015,USERK0002,20260418,Technical,pending,4
I00013,A00021,P0002,REQK0002,USERK0009,20260221,Screen call,pass,2
I00893,A00988,P0532,REQK0019,USERK0010,20260706,Panel,fail,4
I00087,A00114,P0509,REQK0010,USERK0005,20260417,Panel,pending,4
I00177,A00219,P0005,REQK0018,USERK0006,20260516,Culture,no_show,
I00675,A00758,P0330,REQK0013,USERK0009,20260406,System design,pending,4
I00217,A00264,P0458,REQK0022,USERK0012,20251203,System design,pending,2
I01265,A01440,P0091,REQK0011,USERK0010,20251112,System design,no_show,2
I01116,A01232,P0430,REQK0023,USERK0006,20260705,Culture,pass,3
I00456,A00527,P0198,REQK0014,USERK0002,20260624,Screen call,pass,3
I00669,A00754,P0305,REQK0016,USERK0003,20260731,Screen call,pass,5
I01183,A01321,P0289,REQK0006,USERK0008,20260127,Screen call,no_show,4
I00315,A00374,P0186,REQK0013,USERK0012,20260419,Culture,fail,5
I00602,A00666,P0214,REQK0009,USERK0008,20260501,Culture,pass,
I01111,A01222,P0064,REQK0010,USERK0004,20260415,Technical,fail,4
I00064,A00074,P0139,REQK0018,USERK0012,20260414,Screen call,pass,3
I00130,A00162,P0018,REQK0003,USERK0002,20251215,Screen call,fail,3
I00794,A00881,P0549,REQK0024,USERK0010,20260516,Screen call,pass,3
I00413,A00468,P0230,REQK0003,USERK0001,20260104,Panel,no_show,3
I01185,A01331,P0466,REQK0006,USERK0003,20260517,Technical,pass,5
I00619,A00685,P0121,REQK0019,USERK0012,20260611,Technical,pending,3
I01084,A01207,P0085,REQK0003,USERK0012,20260217,Culture,pending,5
I01150,A01276,P0390,REQK0021,USERK0003,20260519,Culture,pending,5
I00501,A00572,P0142,REQK0006,USERK0005,20260520,Screen call,pass,
I00868,A00965,P0011,REQK0017,USERK0011,20251210,Culture,fail,3
I00148,A00187,P0136,REQK0012,USERK0009,20260619,System design,pass,3
I00458,A00527,P0198,REQK0014,USERK0004,20260630,Screen call,pass,5
I00448,A00517,P0537,REQK0007,USERK0004,20260104,System design,no_show,5
I00803,A00887,P0386,REQK0021,USERK0012,20260718,System design,no_show,4
I00143,A00183,P0347,REQK0004,USERK0001,20260528,Panel,no_show,2
I01058,A01186,P0513,REQK0002,USERK0006,20260621,Panel,pending,3
I00672,A00756,P0100,REQK0011,USERK0003,20251209,Culture,fail,3
I00196,A00240,P0440,REQK0019,USERK0006,20260703,Panel,pass,5
I00238,A00281,P0156,REQK0024,USERK0006,20260607,Panel,pass,5
I00986,A01100,P0306,REQK0003,USERK0002,20251125,Culture,no_show,5
I00419,A00475,P0170,REQK0010,USERK0003,20260707,System design,pass,2
I00363,A00410,P0146,REQK0014,USERK0005,20260421,Culture,fail,2
I00158,A00196,P0516,REQK0009,USERK0003,20260426,Culture,no_show,2
I00540,A00611,P0413,REQK0007,USERK0006,20260702,Panel,pass,3
I00560,A00633,P0385,REQK0006,USERK0006,20260514,Culture,fail,4
I00681,A00760,P0406,REQK0016,USERK0010,20260314,Panel,fail,
I00488,A00560,P0128,REQK0012,USERK0004,20260715,System design,pass,3
I00748,A00831,P0437,REQK0021,USERK0010,20260701,Culture,pass,5
I00496,A00570,P0253,REQK0015,USERK0002,20260412,Screen call,pass,2
I00495,A00569,P0422,REQK0020,USERK0001,20260402,Screen call,pass,2
I00730,A00807,P0111,REQK0018,USERK0004,20260422,Culture,no_show,5
I00535,A00604,P0363,REQK0018,USERK0005,20260528,Panel,pass,3
I01216,A01361,P0017,REQK0026,USERK0012,20260610,System design,pass,3
I01101,A01216,P0388,REQK0019,USERK0003,20260614,Culture,no_show,5
I00997,A01107,P0208,REQK0012,USERK0004,20251102,Technical,fail,3
I01144,A01268,P0220,REQK0023,USERK0001,20260719,Technical,fail,3
I01204,A01349,P0507,REQK0008,USERK0004,20260703,Screen call,pass,3
I01243,A01415,P0516,REQK0014,USERK0012,20260524,Technical,pending,3
I01017,A01131,P0196,REQK0007,USERK0011,20260705,Culture,fail,2
I00866,A00962,P0040,REQK0011,USERK0003,20260704,Culture,fail,
I00737,A00820,P0084,REQK0008,USERK0011,20260516,Technical,no_show,
I00189,A00235,P0229,REQK0016,USERK0010,20260706,Technical,pass,3
I00671,A00756,P0100,REQK0011,USERK0007,20251206,Screen call,pass,3
I00605,A00668,P0061,REQK0020,USERK0003,20260606,Culture,no_show,
I00584,A00651,P0036,REQK0005,USERK0006,20260403,Screen call,pass,2
I00364,A00411,P0039,REQK0007,USERK0009,20260227,Culture,pending,3
I00741,A00824,P0256,REQK0015,USERK0005,20260524,System design,pass,4
I00826,A00913,P0030,REQK0006,USERK0009,20260511,Panel,pass,4
I00297,A00354,P0549,REQK0023,USERK0008,20260331,Screen call,pass,4
I00446,A00516,P0149,REQK0006,USERK0012,20260726,Panel,fail,4
I01268,A01442,P0218,REQK0002,USERK0006,20260731,Culture,pass,3
I00566,A00636,P0376,REQK0009,USERK0007,20260526,Screen call,no_show,3
I00240,A00282,P0039,REQK0016,USERK0004,20260301,Culture,no_show,4
I01203,A01343,P0188,REQK0025,USERK0008,20260626,Panel,pass,4
I00408,A00462,P0231,REQK0022,USERK0005,20260421,Technical,pending,
I00435,A00505,P0355,REQK0014,USERK0003,20260612,System design,fail,3
I00647,A00727,P0239,REQK0018,USERK0011,20260604,Screen call,pending,5
I00770,A00853,P0240,REQK0012,USERK0008,20251213,Panel,pass,3
I00809,A00897,P0127,REQK0026,USERK0009,20260609,Culture,no_show,5
I00727,A00806,P0139,REQK0024,USERK0005,20260710,Culture,pending,4
I01239,A01406,P0523,REQK0012,USERK0004,20260308,Technical,pending,2
I00275,A00322,P0095,REQK0019,USERK0005,20260725,Screen call,pass,
I00293,A00351,P0276,REQK0017,USERK0002,20260406,Screen call,pending,5
I00106,A00135,P0338,REQK0011,USERK0003,20251221,Technical,pending,3
I00864,A00962,P0040,REQK0011,USERK0006,20260628,Culture,pass,
I00656,A00735,P0159,REQK0023,USERK0004,20260418,Panel,pass,3
I00402,A00457,P0383,REQK0022,USERK0011,20260607,Panel,pass,2
I00079,A00108,P0208,REQK0025,USERK0011,20260527,Technical,pass,3
I00858,A00951,P0080,REQK0021,USERK0012,20260612,Screen call,pass,3
I00622,A00689,P0370,REQK0001,USERK0010,20260717,Screen call,pass,
I01106,A01218,P0001,REQK0002,USERK0009,20260714,Technical,pass,3
I00840,A00932,P0083,REQK0008,USERK0002,20260512,Screen call,pending,3
I00755,A00837,P0023,REQK0020,USERK0012,20260727,Panel,pending,5
I00236,A00280,P0059,REQK0016,USERK0006,20260524,Screen call,pending,3
I00385,A00436,P0427,REQK0022,USERK0001,20251207,Screen call,no_show,5
I00728,A00806,P0139,REQK0024,USERK0001,20260713,System design,pass,3
I00679,A00759,P0540,REQK0020,USERK0012,20260709,Panel,pending,3
I00338,A00390,P0389,REQK0003,USERK0012,20260706,System design,pass,4
I00996,A01106,P0082,REQK0022,USERK0001,20260208,System design,no_show,3
I00937,A01037,P0166,REQK0004,USERK0002,20260720,Panel,no_show,2
I01222,A01383,P0479,REQK0002,USERK0003,20251219,Screen call,pass,4
I00708,A00785,P0382,REQK0013,USERK0006,20260729,Technical,no_show,5
I01254,A01430,P0223,REQK0016,USERK0010,20260213,System design,pass,
I00161,A00200,P0351,REQK0003,USERK0007,20260717,Panel,pending,5
I00698,A00777,P0194,REQK0018,USERK0003,20260430,Screen call,pending,4
I00167,A00203,P0232,REQK0013,USERK0005,20260325,Screen call,pending,4
I00903,A01002,P0136,REQK0001,USERK0004,20260722,Technical,pass,2
I01259,A01435,P0367,REQK0012,USERK0012,20260211,Culture,fail,
I00898,A00994,P0538,REQK0003,USERK0011,20260110,Screen call,fail,4
I01221,A01380,P0413,REQK0002,USERK0010,20260712,System design,fail,2
I00648,A00727,P0239,REQK0018,USERK0002,20260607,System design,pass,2
I00199,A00243,P0530,REQK0026,USERK0012,20260611,Culture,pass,3
I00339,A00390,P0389,REQK0003,USERK0007,20260709,Screen call,pass,2
I00917,A01015,P0202,REQK0006,USERK0008,20260215,Panel,pass,4
I00905,A01004,P0443,REQK0024,USERK0005,20260620,Culture,pass,3
I00726,A00806,P0139,REQK0024,USERK0003,20260707,Screen call,no_show,4
I01064,A01191,P0356,REQK0014,USERK0005,20260105,Culture,pass,2
I01076,A01201,P0348,REQK0021,USERK0009,20260705,Technical,pending,4
I00282,A00331,P0003,REQK0024,USERK0005,20260717,Panel,pass,2
I00035,A00049,P0275,REQK0003,USERK0006,20260707,Panel,pass,4
I00376,A00424,P0313,REQK0022,USERK0008,20251129,Culture,fail,3
I00791,A00877,P0141,REQK0020,USERK0009,20260502,Panel,fail,4
I00800,A00886,P0267,REQK0015,USERK0006,20260427,Screen call,pass,5
I00580,A00648,P0371,REQK0011,USERK0006,20251210,Screen call,pending,
I00481,A00557,P0490,REQK0018,USERK0003,20260225,Technical,pass,4
I01231,A01395,P0551,REQK0010,USERK0012,20260530,System design,pass,2
I00288,A00344,P0265,REQK0023,USERK0001,20260413,Culture,fail,5
I00398,A00446,P0310,REQK0004,USERK0008,20260717,Culture,fail,5
I00298,A00358,P0041,REQK0012,USERK0004,20251107,Technical,pending,5
I00059,A00071,P0303,REQK0020,USERK0006,20260326,Technical,pass,3
I01212,A01357,P0072,REQK0026,USERK0006,20260717,Technical,pending,5
I00972,A01088,P0519,REQK0003,USERK0001,20260701,Technical,pending,4
I00757,A00838,P0213,REQK0024,USERK0006,20260601,Culture,pending,3
I00558,A00632,P0092,REQK0019,USERK0008,20260803,Panel,fail,3
I00805,A00894,P0175,REQK0008,USERK0005,20260516,Screen call,pass,5
I00175,A00214,P0356,REQK0001,USERK0009,20260720,Technical,pending,4
I00814,A00901,P0549,REQK0011,USERK0010,20251013,Technical,fail,3
I00846,A00934,P0216,REQK0012,USERK0008,20260721,Screen call,pass,2
I00073,A00094,P0434,REQK0006,USERK0005,20260623,Culture,fail,2
I00788,A00875,P0071,REQK0015,USERK0008,20260522,Culture,pass,3
I01164,A01284,P0356,REQK0006,USERK0004,20260722,Culture,pass,3
I00792,A00877,P0141,REQK0020,USERK0001,20260505,Screen call,pass,2
I00266,A00312,P0428,REQK0005,USERK0007,20260514,Screen call,pass,2
I00086,A00114,P0509,REQK0010,USERK0011,20260414,Technical,fail,2
I00591,A00659,P0293,REQK0024,USERK0003,20260714,Screen call,no_show,
I01149,A01272,P0330,REQK0026,USERK0009,20260717,Technical,pending,2
I00506,A00575,P0049,REQK0010,USERK0003,20260515,Panel,fail,
I00538,A00609,P0359,REQK0008,USERK0011,20260622,Panel,pending,4
I00950,A01061,P0060,REQK0025,USERK0001,20260310,Screen call,pass,3
I00957,A01070,P0358,REQK0023,USERK0010,20260627,Panel,fail,4
I00152,A00192,P0334,REQK0015,USERK0008,20260527,System design,pass,4
I00243,A00284,P0431,REQK0009,USERK0010,20260712,Culture,pass,5
I00032,A00046,P0016,REQK0003,USERK0011,20260105,Culture,pass,4
I00973,A01088,P0519,REQK0003,USERK0007,20260704,System design,pass,5
I01125,A01243,P0351,REQK0007,USERK0007,20260524,System design,fail,4
I00871,A00967,P0496,REQK0015,USERK0009,20260311,Screen call,fail,3
I00352,A00404,P0376,REQK0001,USERK0009,20260807,Culture,pass,3
I01006,A01119,P0254,REQK0012,USERK0002,20260414,Technical,pass,3
I00841,A00932,P0083,REQK0008,USERK0006,20260515,Technical,pending,4
I01166,A01285,P0385,REQK0022,USERK0002,20260714,Screen call,pass,5
I00577,A00645,P0059,REQK0012,USERK0008,20260608,Panel,no_show,4
I00828,A00916,P0375,REQK0019,USERK0012,20260803,Panel,pass,4
I01032,A01154,P0291,REQK0017,USERK0011,20260104,System design,pending,4
I00718,A00800,P0111,REQK0023,USERK0012,20260418,Culture,pending,
I00260,A00307,P0378,REQK0010,USERK0006,20260706,System design,pass,4
I01178,A01307,P0241,REQK0009,USERK0011,20260312,Screen call,pending,3
I01133,A01258,P0335,REQK0025,USERK0001,20260503,Screen call,pass,3
I01180,A01312,P0273,REQK0016,USERK0010,20260424,System design,pass,
I00499,A00572,P0142,REQK0006,USERK0012,20260514,Culture,pass,5
I00692,A00770,P0246,REQK0025,USERK0010,20251107,Culture,no_show,3
I00980,A01097,P0308,REQK0018,USERK0006,20260606,Technical,pass,2
I00033,A00046,P0016,REQK0003,USERK0011,20260108,System design,pass,4
I01167,A01285,P0385,REQK0022,USERK0012,20260717,System design,pass,4
I00295,A00353,P0415,REQK0021,USERK0004,20260602,Technical,fail,4
I00936,A01037,P0166,REQK0004,USERK0001,20260717,System design,fail,4
I00436,A00505,P0355,REQK0014,USERK0002,20260615,Culture,pass,5
I01030,A01151,P0113,REQK0019,USERK0001,20260608,Panel,pass,4
I00142,A00177,P0063,REQK0007,USERK0003,20260703,Panel,pending,3
I00779,A00859,P0241,REQK0001,USERK0011,20260705,System design,pending,2
I00428,A00489,P0027,REQK0019,USERK0004,20260626,Technical,pass,4
I00371,A00417,P0131,REQK0011,USERK0008,20260408,Screen call,no_show,3
I00174,A00214,P0356,REQK0001,USERK0010,20260717,Screen call,pending,2
I00719,A00800,P0111,REQK0023,USERK0012,20260421,Technical,pass,
I00621,A00685,P0121,REQK0019,USERK0006,20260617,Technical,fail,
I00391,A00438,P0174,REQK0022,USERK0011,20260116,Culture,no_show,4
I00787,A00874,P0003,REQK0026,USERK0001,20260522,Technical,pending,4
I00542,A00614,P0122,REQK0002,USERK0006,20260710,Screen call,pass,4
I00373,A00422,P0076,REQK0001,USERK0007,20260714,Technical,pass,
I00733,A00815,P0532,REQK0002,USERK0009,20260531,System design,no_show,4
I01264,A01437,P0440,REQK0012,USERK0005,20251110,Technical,no_show,3
I00568,A00639,P0440,REQK0008,USERK0009,20260608,Technical,no_show,
I00530,A00602,P0351,REQK0003,USERK0004,20260710,Screen call,pending,4
I00655,A00735,P0159,REQK0023,USERK0008,20260415,Culture,fail,2
I00717,A00798,P0388,REQK0012,USERK0005,20260214,Panel,no_show,
I00204,A00246,P0280,REQK0007,USERK0007,20260228,Culture,pending,3
I00427,A00489,P0027,REQK0019,USERK0001,20260623,Technical,no_show,4
I00935,A01037,P0166,REQK0004,USERK0004,20260714,Technical,no_show,5
I00400,A00451,P0410,REQK0002,USERK0010,20260502,Panel,fail,5
I00139,A00175,P0265,REQK0008,USERK0010,20260507,System design,pending,2
I00231,A00275,P0438,REQK0008,USERK0005,20260701,Panel,fail,3
I01213,A01358,P0235,REQK0004,USERK0004,20260520,Panel,no_show,3
I00736,A00817,P0062,REQK0011,USERK0003,20260716,Technical,pending,3
I00830,A00917,P0019,REQK0021,USERK0001,20260703,Panel,pass,4
I00225,A00272,P0016,REQK0015,USERK0008,20260517,Screen call,pass,3
I00239,A00281,P0156,REQK0024,USERK0001,20260610,System design,no_show,3
I00546,A00616,P0055,REQK0002,USERK0004,20260321,Culture,fail,4
I00127,A00158,P0510,REQK0017,USERK0008,20260608,System design,fail,5
I01055,A01182,P0174,REQK0017,USERK0009,20251226,Culture,pass,5
I00934,A01036,P0536,REQK0008,USERK0012,20260627,Panel,pass,4
I01135,A01259,P0321,REQK0026,USERK0007,20260614,Technical,fail,3
I01245,A01415,P0516,REQK0014,USERK0012,20260530,Technical,pass,3
I00401,A00452,P0359,REQK0017,USERK0008,20260711,Panel,fail,4
I00904,A01004,P0443,REQK0024,USERK0001,20260617,Screen call,pending,4
I00084,A00113,P0351,REQK0024,USERK0002,20260625,Screen call,pending,2
I00322,A00378,P0385,REQK0013,USERK0012,20260412,Screen call,fail,4
I00307,A00366,P0341,REQK0019,USERK0010,20260720,Panel,pending,4
I01246,A01418,P0047,REQK0011,USERK0010,20260424,System design,pass,3
I00789,A00875,P0071,REQK0015,USERK0004,20260525,Screen call,pending,
I00335,A00389,P0437,REQK0012,USERK0002,20260703,System design,fail,5
I01172,A01296,P0060,REQK0004,USERK0008,20260613,Panel,no_show,
I00237,A00280,P0059,REQK0016,USERK0009,20260527,Panel,pass,2
I00670,A00756,P0100,REQK0011,USERK0010,20251203,System design,pass,4
I00778,A00859,P0241,REQK0001,USERK0012,20260702,Technical,no_show,3
I01234,A01402,P0350,REQK0002,USERK0008,20260210,System design,fail,
I00641,A00721,P0219,REQK0024,USERK0005,20260618,Screen call,pending,3
I01085,A01207,P0085,REQK0003,USERK0006,20260220,Culture,pass,4
I00319,A00377,P0088,REQK0006,USERK0011,20260129,Technical,fail,4
I01130,A01256,P0066,REQK0014,USERK0003,20260419,Culture,pending,3
I00051,A00066,P0495,REQK0023,USERK0012,20260504,System design,fail,3
I00650,A00728,P0158,REQK0024,USERK0011,20260513,Culture,pending,5
I00556,A00627,P0317,REQK0017,USERK0002,20260708,Culture,no_show,4
I00714,A00794,P0103,REQK0024,USERK0003,20260801,Panel,pending,
I00631,A00715,P0383,REQK0023,USERK0004,20260609,Screen call,pass,4
I00680,A00759,P0540,REQK0020,USERK0009,20260712,System design,pass,5
I00004,A00015,P0481,REQK0019,USERK0007,20260715,System design,pending,3
I00571,A00640,P0548,REQK0026,USERK0002,20260524,Technical,pending,2
I00776,A00858,P0228,REQK0018,USERK0004,20260629,Screen call,pending,3
I00677,A00758,P0330,REQK0013,USERK0003,20260412,System design,pass,2
I01179,A01311,P0502,REQK0010,USERK0007,20260529,Panel,fail,5
I00108,A00137,P0482,REQK0012,USERK0004,20260730,Culture,pending,4
I00797,A00884,P0172,REQK0023,USERK0003,20260426,Culture,no_show,4
I00484,A00558,P0327,REQK0005,USERK0004,20260327,Screen call,pending,3
I00701,A00779,P0179,REQK0003,USERK0001,20260113,Technical,pending,4
I00502,A00573,P0472,REQK0008,USERK0005,20260612,Screen call,pass,3
I01062,A01190,P0390,REQK0015,USERK0004,20260527,Culture,pending,4
I00781,A00868,P0033,REQK0020,USERK0006,20260609,Panel,pass,3
I01043,A01168,P0513,REQK0002,USERK0010,20260521,Technical,pass,4
I01060,A01190,P0390,REQK0015,USERK0008,20260521,Screen call,no_show,2
I00378,A00425,P0181,REQK0024,USERK0012,20260528,Panel,pending,2
I00107,A00137,P0482,REQK0012,USERK0007,20260727,Panel,pass,4
I00752,A00833,P0368,REQK0004,USERK0008,20260531,Screen call,pass,3
I00597,A00662,P0169,REQK0020,USERK0005,20260330,Screen call,pass,2
I00988,A01103,P0089,REQK0019,USERK0007,20260711,Technical,no_show,3
I00358,A00409,P0088,REQK0024,USERK0003,20260718,System design,no_show,4
I01165,A01284,P0356,REQK0006,USERK0009,20260725,Culture,pass,4
I00233,A00276,P0524,REQK0002,USERK0008,20251226,Screen call,fail,5
I00516,A00590,P0075,REQK0001,USERK0007,20260720,System design,no_show,
I00471,A00542,P0514,REQK0017,USERK0002,20260619,Culture,pending,3
I00534,A00604,P0363,REQK0018,USERK0003,20260525,Technical,pass,5
I00281,A00331,P0003,REQK0024,USERK0006,20260714,Screen call,pass,2
I00171,A00208,P0484,REQK0016,USERK0005,20260702,System design,pass,
I00916,A01015,P0202,REQK0006,USERK0006,20260212,Technical,fail,4
I00060,A00071,P0303,REQK0020,USERK0002,20260329,Screen call,pass,4
I00816,A00901,P0549,REQK0011,USERK0004,20251019,Screen call,pass,5
I00634,A00716,P0290,REQK0014,USERK0011,20251124,Panel,no_show,
I01007,A01119,P0254,REQK0012,USERK0011,20260417,Screen call,pending,2
I00071,A00088,P0559,REQK0018,USERK0011,20260629,System design,pass,4
I00548,A00617,P0022,REQK0013,USERK0010,20260518,Technical,pass,
I00212,A00258,P0502,REQK0010,USERK0004,20260606,Screen call,fail,4
I00468,A00541,P0186,REQK0014,USERK0006,20260305,System design,pass,4
I00370,A00417,P0131,REQK0011,USERK0002,20260405,Technical,fail,3
I00738,A00820,P0084,REQK0008,USERK0002,20260519,System design,fail,4
I00039,A00055,P0327,REQK0023,USERK0005,20260503,Technical,pass,5
I01142,A01266,P0210,REQK0003,USERK0004,20260518,Culture,no_show,4
I00604,A00668,P0061,REQK0020,USERK0003,20260603,Panel,no_show,4
I00820,A00906,P0276,REQK0019,USERK0006,20260801,Technical,fail,4
I00192,A00239,P0390,REQK0001,USERK0007,20260603,System design,pass,4
I01182,A01317,P0111,REQK0022,USERK0010,20260318,Panel,no_show,5
I01014,A01124,P0202,REQK0014,USERK0004,20260405,Culture,pass,4
I01202,A01343,P0188,REQK0025,USERK0011,20260623,Screen call,no_show,4
I00632,A00716,P0290,REQK0014,USERK0008,20251118,Technical,pass,4
I00910,A01009,P0159,REQK0017,USERK0005,20260608,Culture,fail,5
I00601,A00666,P0214,REQK0009,USERK0011,20260428,Screen call,no_show,4
I00713,A00794,P0103,REQK0024,USERK0011,20260729,System design,fail,3
I00615,A00680,P0013,REQK0012,USERK0005,20260122,Technical,fail,3
I01240,A01413,P0103,REQK0010,USERK0012,20260414,Panel,pending,5
I00796,A00883,P0049,REQK0003,USERK0007,20251127,Culture,fail,3
I00553,A00625,P0054,REQK0026,USERK0004,20260519,Culture,no_show,5
I01237,A01404,P0320,REQK0011,USERK0004,20251110,Culture,pass,5
I00415,A00468,P0230,REQK0003,USERK0008,20260110,Technical,fail,4
I00721,A00803,P0003,REQK0010,USERK0001,20260606,Screen call,pass,2
I00155,A00195,P0500,REQK0026,USERK0010,20260512,Culture,no_show,4
I00286,A00335,P0426,REQK0007,USERK0005,20251102,Panel,pass,
I00343,A00394,P0292,REQK0009,USERK0008,20251128,Screen call,pass,3
I00440,A00511,P0443,REQK0012,USERK0009,20260101,Technical,no_show,
I01198,A01342,P0483,REQK0002,USERK0004,20260612,Culture,no_show,4
I00249,A00290,P0481,REQK0021,USERK0002,20260721,Screen call,pending,3
I00958,A01074,P0249,REQK0007,USERK0005,20260306,Culture,pass,3
I00404,A00458,P0054,REQK0024,USERK0004,20260712,Technical,no_show,3
I00191,A00238,P0453,REQK0025,USERK0003,20260423,Panel,pending,3
I00330,A00386,P0050,REQK0020,USERK0005,20260723,Technical,no_show,2
I00176,A00218,P0043,REQK0026,USERK0004,20260610,Screen call,pending,2
I01104,A01217,P0148,REQK0010,USERK0009,20260618,Panel,pass,2
I01033,A01154,P0291,REQK0017,USERK0012,20260107,Panel,no_show,4
I00430,A00493,P0322,REQK0023,USERK0003,20260701,System design,pending,2
I00699,A00778,P0436,REQK0004,USERK0006,20260630,Panel,pass,5
I01123,A01240,P0509,REQK0014,USERK0007,20260715,Culture,pass,4
I00742,A00824,P0256,REQK0015,USERK0011,20260527,Technical,pending,5
I01136,A01263,P0167,REQK0026,USERK0005,20260721,System design,fail,
I00541,A00612,P0180,REQK0003,USERK0002,20251223,Panel,pass,4
I00487,A00560,P0128,REQK0012,USERK0004,20260712,Technical,fail,4
I00198,A00243,P0530,REQK0026,USERK0011,20260608,Technical,pass,5
I01270,A01447,P0160,REQK0025,USERK0007,20251127,Panel,pass,3
I01274,A01450,P0356,REQK0013,USERK0008,20260424,Screen call,fail,4
I00224,A00272,P0016,REQK0015,USERK0004,20260514,System design,pending,2
I01159,A01281,P0198,REQK0017,USERK0003,20260328,Screen call,no_show,3
I01229,A01394,P0309,REQK0006,USERK0012,20260530,Panel,pass,4
I00968,A01082,P0496,REQK0019,USERK0001,20260719,Screen call,no_show,4
I00628,A00708,P0121,REQK0016,USERK0007,20260214,Culture,pass,2
I00453,A00523,P0045,REQK0001,USERK0011,20260713,System design,no_show,5
I00345,A00395,P0424,REQK0007,USERK0006,20251030,System design,fail,4
I00390,A00438,P0174,REQK0022,USERK0001,20260113,Technical,fail,5
I00504,A00575,P0049,REQK0010,USERK0009,20260509,Technical,fail,5
I00016,A00025,P0278,REQK0026,USERK0005,20260512,Culture,pass,2
I00938,A01043,P0062,REQK0013,USERK0011,20260606,Screen call,pass,5
I01225,A01387,P0548,REQK0003,USERK0003,20260502,Culture,pass,3
I00169,A00205,P0049,REQK0022,USERK0012,20260411,System design,pending,3
I00861,A00954,P0160,REQK0025,USERK0012,20260520,System design,pending,4
I00272,A00321,P0542,REQK0025,USERK0006,20251117,Technical,fail,
I00399,A00446,P0310,REQK0004,USERK0001,20260720,Culture,pass,2
I00050,A00065,P0114,REQK0020,USERK0008,20260412,Technical,no_show,3
I00920,A01018,P0350,REQK0019,USERK0010,20260626,System design,fail,2
I01187,A01333,P0419,REQK0016,USERK0012,20260307,Screen call,pass,3
I00213,A00258,P0502,REQK0010,USERK0008,20260609,Culture,pending,
I01200,A01342,P0483,REQK0002,USERK0010,20260618,Technical,fail,4
I01263,A01437,P0440,REQK0012,USERK0010,20251107,Panel,no_show,3
I00077,A00103,P0336,REQK0018,USERK0012,20260609,Culture,fail,
I00170,A00205,P0049,REQK0022,USERK0012,20260414,Screen call,pass,3
I00967,A01082,P0496,REQK0019,USERK0011,20260716,Technical,pass,
I00010,A00017,P0150,REQK0026,USERK0011,20260510,Culture,fail,4
I00310,A00369,P0527,REQK0003,USERK0003,20260522,Screen call,pass,4
I00150,A00189,P0296,REQK0003,USERK0001,20260707,Culture,fail,5
I00117,A00144,P0347,REQK0008,USERK0011,20260707,System design,no_show,2
I00582,A00650,P0033,REQK0016,USERK0011,20260208,Technical,pass,5
I00744,A00826,P0060,REQK0001,USERK0005,20260618,Panel,no_show,3
I00388,A00437,P0212,REQK0011,USERK0003,20260228,Panel,fail,4
I00475,A00552,P0319,REQK0024,USERK0012,20260703,Culture,fail,3
I00875,A00973,P0184,REQK0018,USERK0001,20260417,System design,pass,
I00870,A00965,P0011,REQK0017,USERK0002,20251216,Panel,pass,
I00581,A00650,P0033,REQK0016,USERK0001,20260205,System design,pass,4
I00085,A00114,P0509,REQK0010,USERK0005,20260411,System design,no_show,2
I00979,A01095,P0541,REQK0009,USERK0010,20260121,Technical,pending,4
I00099,A00130,P0272,REQK0013,USERK0009,20260528,Technical,pass,
I00659,A00740,P0550,REQK0001,USERK0007,20260723,Panel,pass,3
I01153,A01277,P0339,REQK0017,USERK0002,20260716,Culture,pending,4
I00891,A00986,P0519,REQK0011,USERK0012,20260725,Technical,fail,3
I01028,A01149,P0273,REQK0016,USERK0005,20260620,Culture,fail,
I00981,A01097,P0308,REQK0018,USERK0006,20260609,Technical,no_show,3
I00069,A00083,P0383,REQK0012,USERK0011,20251113,Panel,pending,4
I01215,A01358,P0235,REQK0004,USERK0010,20260526,Culture,fail,4
I00021,A00030,P0233,REQK0019,USERK0012,20260618,System design,pending,5
I00336,A00389,P0437,REQK0012,USERK0001,20260706,Screen call,no_show,2
I00028,A00041,P0519,REQK0018,USERK0009,20260522,Technical,pass,2
I00839,A00931,P0041,REQK0019,USERK0005,20260715,Screen call,pending,4
I00101,A00130,P0272,REQK0013,USERK0006,20260603,Screen call,pass,
I00691,A00770,P0246,REQK0025,USERK0006,20251104,Screen call,pass,4
I01214,A01358,P0235,REQK0004,USERK0008,20260523,Screen call,fail,4
I00939,A01043,P0062,REQK0013,USERK0008,20260609,Panel,pass,3
I00406,A00459,P0319,REQK0014,USERK0007,20260121,System design,pending,4
I01176,A01302,P0426,REQK0005,USERK0002,20260509,System design,fail,3
I00460,A00530,P0379,REQK0010,USERK0007,20260403,Technical,pending,4
I01257,A01433,P0120,REQK0018,USERK0007,20260621,Technical,no_show,2
I00743,A00826,P0060,REQK0001,USERK0006,20260615,Technical,pass,5
I00119,A00145,P0282,REQK0008,USERK0011,20260517,Technical,pass,3
I00983,A01099,P0062,REQK0001,USERK0005,20260729,Panel,pass,
I00855,A00948,P0058,REQK0019,USERK0006,20260529,Technical,pass,5
I00068,A00083,P0383,REQK0012,USERK0005,20251110,Screen call,pass,5
I00111,A00139,P0116,REQK0022,USERK0009,20260717,Panel,pass,3
I00914,A01013,P0213,REQK0009,USERK0011,20260324,Technical,pass,3
I00777,A00859,P0241,REQK0001,USERK0009,20260629,System design,pending,5
I00044,A00057,P0158,REQK0018,USERK0006,20260716,Panel,pass,3
I01005,A01119,P0254,REQK0012,USERK0008,20260411,Screen call,pass,
I00166,A00203,P0232,REQK0013,USERK0010,20260322,Panel,pass,
I00561,A00633,P0385,REQK0006,USERK0005,20260517,Culture,no_show,5
I00313,A00373,P0146,REQK0007,USERK0009,20251218,Screen call,no_show,2
I00017,A00025,P0278,REQK0026,USERK0011,20260515,System design,pass,4
I00758,A00838,P0213,REQK0024,USERK0006,20260604,Screen call,pass,4
I00124,A00154,P0452,REQK0021,USERK0012,20260627,Technical,pending,4
I00135,A00168,P0194,REQK0017,USERK0007,20260521,System design,no_show,3
I00201,A00245,P0283,REQK0018,USERK0007,20260503,Panel,no_show,4
I01223,A01383,P0479,REQK0002,USERK0011,20251222,System design,pending,3
I00180,A00223,P0230,REQK0001,USERK0005,20260717,Screen call,pending,3
I00613,A00677,P0370,REQK0023,USERK0009,20260613,Panel,pass,
I00248,A00290,P0481,REQK0021,USERK0011,20260718,System design,pass,
I01067,A01195,P0337,REQK0005,USERK0011,20260715,Screen call,pass,
I00308,A00368,P0168,REQK0018,USERK0010,20260206,Culture,pass,2
I00100,A00130,P0272,REQK0013,USERK0008,20260531,Screen call,no_show,
I00869,A00965,P0011,REQK0017,USERK0006,20251213,Screen call,pass,
I00923,A01022,P0056,REQK0013,USERK0010,20260409,Culture,pass,
I00182,A00227,P0057,REQK0009,USERK0005,20260629,Culture,pending,3
I00642,A00722,P0379,REQK0020,USERK0003,20260704,Screen call,fail,2
I00678,A00759,P0540,REQK0020,USERK0004,20260706,System design,pending,5
I01094,A01211,P0025,REQK0006,USERK0006,20260530,Technical,pass,5
I00985,A01100,P0306,REQK0003,USERK0007,20251122,Technical,pass,3
I00842,A00932,P0083,REQK0008,USERK0001,20260518,Technical,pass,
I00802,A00887,P0386,REQK0021,USERK0006,20260715,Culture,fail,3
I00537,A00609,P0359,REQK0008,USERK0008,20260619,Screen call,pass,5
I00329,A00382,P0240,REQK0018,USERK0005,20260405,Technical,pending,4
I00570,A00639,P0440,REQK0008,USERK0002,20260614,System design,pass,3
I00223,A00272,P0016,REQK0015,USERK0011,20260511,System design,pass,
I00090,A00117,P0439,REQK0008,USERK0001,20260617,System design,pending,3
I00722,A00803,P0003,REQK0010,USERK0005,20260609,System design,no_show,3
I00843,A00933,P0161,REQK0001,USERK0008,20260706,Screen call,pass,5
I01000,A01112,P0361,REQK0021,USERK0005,20260525,System design,no_show,
I00034,A00049,P0275,REQK0003,USERK0008,20260704,Panel,pass,4
I00377,A00424,P0313,REQK0022,USERK0008,20251202,System design,pending,4
I01029,A01151,P0113,REQK0019,USERK0001,20260605,Panel,pending,3
I00573,A00641,P0421,REQK0007,USERK0012,20260703,Panel,pass,3
I00695,A00776,P0459,REQK0007,USERK0008,20260125,Culture,pass,3
I00333,A00388,P0362,REQK0026,USERK0011,20260720,Panel,pass,5
I00088,A00115,P0134,REQK0015,USERK0004,20260704,Technical,no_show,5
I01107,A01219,P0238,REQK0017,USERK0012,20251215,System design,no_show,3
I00945,A01056,P0351,REQK0026,USERK0006,20260715,Panel,pending,4
I00194,A00239,P0390,REQK0001,USERK0010,20260609,System design,pending,4
I01046,A01172,P0394,REQK0008,USERK0010,20260417,Technical,no_show,3
I01083,A01204,P0255,REQK0022,USERK0009,20260318,Culture,pending,2
I00555,A00625,P0054,REQK0026,USERK0009,20260525,Culture,pass,3
I00257,A00303,P0560,REQK0017,USERK0002,20260513,Screen call,pass,3
I00342,A00391,P0349,REQK0026,USERK0011,20260528,Culture,pass,3
I01002,A01116,P0501,REQK0021,USERK0004,20260521,Technical,pass,5
I01267,A01442,P0218,REQK0002,USERK0011,20260728,Panel,pass,
I00480,A00556,P0077,REQK0020,USERK0007,20260514,System design,no_show,5
I01188,A01333,P0419,REQK0016,USERK0002,20260310,Culture,fail,
I01019,A01134,P0432,REQK0017,USERK0009,20260212,Culture,pending,3
I00565,A00635,P0296,REQK0014,USERK0009,20260702,System design,pass,3
I00216,A00264,P0458,REQK0022,USERK0003,20251130,Panel,pass,4
I00857,A00949,P0094,REQK0007,USERK0006,20260315,Technical,pass,3
I00452,A00523,P0045,REQK0001,USERK0009,20260710,Panel,no_show,4
I00093,A00118,P0406,REQK0003,USERK0011,20251230,Technical,pending,5
I00409,A00462,P0231,REQK0022,USERK0009,20260424,System design,pass,3
I00883,A00979,P0408,REQK0016,USERK0011,20260524,Culture,no_show,2
I00284,A00334,P0378,REQK0006,USERK0003,20260530,Panel,fail,3
I00043,A00057,P0158,REQK0018,USERK0007,20260713,Culture,pending,4
I00187,A00235,P0229,REQK0016,USERK0010,20260630,Screen call,no_show,4
I01118,A01234,P0424,REQK0007,USERK0007,20260706,System design,pending,3
I00872,A00971,P0334,REQK0010,USERK0005,20260707,Culture,pending,4
I00663,A00749,P0052,REQK0025,USERK0006,20260402,System design,pass,5
I00806,A00894,P0175,REQK0008,USERK0012,20260519,Screen call,pass,4
I00321,A00377,P0088,REQK0006,USERK0005,20260204,Panel,no_show,4
I00771,A00855,P0392,REQK0006,USERK0010,20260305,Panel,pass,
I00121,A00148,P0054,REQK0012,USERK0008,20251026,Culture,fail,3
I00357,A00408,P0361,REQK0007,USERK0005,20260617,Panel,no_show,4
I00323,A00378,P0385,REQK0013,USERK0002,20260415,Culture,pass,2
I00949,A01060,P0392,REQK0002,USERK0008,20251221,Technical,pass,4
I00657,A00735,P0159,REQK0023,USERK0002,20260421,Technical,pending,4
I01108,A01219,P0238,REQK0017,USERK0001,20251218,Culture,no_show,4
I00850,A00937,P0400,REQK0007,USERK0012,20260612,Screen call,fail,
I00024,A00034,P0398,REQK0001,USERK0008,20260523,Technical,pass,5
I00057,A00070,P0272,REQK0008,USERK0008,20260506,Screen call,no_show,
I00309,A00368,P0168,REQK0018,USERK0006,20260209,Culture,pass,5
I00823,A00910,P0500,REQK0020,USERK0006,20260701,Culture,no_show,4
I00214,A00262,P0428,REQK0016,USERK0003,20260515,Technical,fail,5
I00477,A00553,P0053,REQK0009,USERK0005,20260703,Culture,no_show,3
I00763,A00849,P0226,REQK0024,USERK0010,20260706,Technical,no_show,2
I00126,A00154,P0452,REQK0021,USERK0004,20260703,Panel,fail,5
I01031,A01151,P0113,REQK0019,USERK0001,20260611,Screen call,fail,3
I00959,A01074,P0249,REQK0007,USERK0008,20260309,Panel,fail,3
I00931,A01033,P0103,REQK0022,USERK0006,20260218,Culture,no_show,3
I00676,A00758,P0330,REQK0013,USERK0009,20260409,Technical,pending,3
I00324,A00380,P0375,REQK0020,USERK0009,20260713,Panel,pass,3
I00592,A00660,P0101,REQK0006,USERK0004,20260311,Technical,pending,3
I00340,A00390,P0389,REQK0003,USERK0003,20260712,Culture,pass,5
I01053,A01182,P0174,REQK0017,USERK0011,20251220,System design,no_show,
I01238,A01405,P0159,REQK0007,USERK0012,20251022,Culture,pending,
I01095,A01213,P0374,REQK0001,USERK0003,20260710,Panel,pass,
I01039,A01159,P0162,REQK0008,USERK0001,20260625,Technical,pending,4
I00091,A00118,P0406,REQK0003,USERK0004,20251224,Culture,no_show,4
I00184,A00228,P0371,REQK0019,USERK0006,20260709,Culture,no_show,4
I00195,A00240,P0440,REQK0019,USERK0008,20260630,Technical,fail,3
I01249,A01424,P0263,REQK0002,USERK0011,20260308,System design,fail,2
I00497,A00570,P0253,REQK0015,USERK0005,20260415,Screen call,pending,5
I00474,A00549,P0205,REQK0017,USERK0007,20251221,System design,fail,3
I00889,A00985,P0419,REQK0020,USERK0008,20260427,Technical,no_show,
I00122,A00148,P0054,REQK0012,USERK0012,20251029,Screen call,fail,5
I01035,A01155,P0372,REQK0012,USERK0002,20260323,Panel,no_show,3
I00110,A00138,P0065,REQK0003,USERK0009,20260501,Screen call,pass,3
I01024,A01137,P0414,REQK0016,USERK0007,20260610,Screen call,no_show,5
I00552,A00623,P0297,REQK0021,USERK0003,20260524,Technical,pending,5
I01091,A01210,P0124,REQK0003,USERK0010,20260321,Technical,pass,
I01037,A01158,P0517,REQK0019,USERK0001,20260522,Panel,pass,3
I00509,A00584,P0218,REQK0015,USERK0005,20260623,System design,fail,2
I00927,A01028,P0293,REQK0018,USERK0011,20260424,Culture,pass,4
I00206,A00247,P0165,REQK0025,USERK0011,20260117,Culture,fail,5
I00808,A00895,P0497,REQK0018,USERK0004,20260531,Technical,pass,4
I00185,A00228,P0371,REQK0019,USERK0005,20260712,Culture,no_show,3
I01016,A01128,P0327,REQK0021,USERK0011,20260709,Technical,pass,2
I00829,A00916,P0375,REQK0019,USERK0004,20260806,System design,pass,4
I00065,A00078,P0031,REQK0009,USERK0002,20260530,System design,pass,
I00375,A00424,P0313,REQK0022,USERK0006,20251126,Culture,fail,3
I00915,A01013,P0213,REQK0009,USERK0012,20260327,System design,no_show,4
I00392,A00439,P0078,REQK0026,USERK0006,20260715,Culture,pass,
I00513,A00586,P0173,REQK0002,USERK0006,20251221,Technical,pass,3
I01010,A01121,P0270,REQK0019,USERK0010,20260711,Culture,pass,5
I00994,A01106,P0082,REQK0022,USERK0010,20260202,System design,pass,3
I00774,A00857,P0508,REQK0026,USERK0004,20260720,System design,pending,
I01127,A01248,P0319,REQK0007,USERK0008,20260314,Technical,no_show,3
I00636,A00717,P0363,REQK0002,USERK0010,20260423,Culture,no_show,5
I00153,A00192,P0334,REQK0015,USERK0001,20260530,Technical,pass,3
I00775,A00857,P0508,REQK0026,USERK0008,20260723,Culture,pass,2
I00096,A00122,P0155,REQK0012,USERK0005,20260208,System design,fail,4
I00459,A00530,P0379,REQK0010,USERK0004,20260331,Culture,pending,4
I00022,A00030,P0233,REQK0019,USERK0005,20260621,Panel,no_show,
I00780,A00868,P0033,REQK0020,USERK0003,20260606,System design,pass,3
I00896,A00989,P0539,REQK0004,USERK0010,20260617,System design,pass,3
I00773,A00857,P0508,REQK0026,USERK0003,20260717,Screen call,pass,4
I01143,A01266,P0210,REQK0003,USERK0004,20260521,Panel,no_show,4
I00609,A00674,P0047,REQK0020,USERK0011,20260602,Technical,pending,3
I00276,A00322,P0095,REQK0019,USERK0007,20260728,System design,pending,5
I01086,A01207,P0085,REQK0003,USERK0003,20260223,System design,pass,
I00630,A00711,P0276,REQK0009,USERK0007,20251221,Technical,pending,
I00183,A00227,P0057,REQK0009,USERK0008,20260702,Panel,pass,3
I01219,A01380,P0413,REQK0002,USERK0001,20260706,Screen call,pass,
I00812,A00899,P0130,REQK0015,USERK0011,20260416,Culture,pass,2
I00969,A01085,P0150,REQK0008,USERK0004,20260627,Technical,pass,5
I00047,A00062,P0470,REQK0019,USERK0011,20260602,System design,fail,2
I00731,A00810,P0353,REQK0008,USERK0003,20260424,Technical,fail,5
I00884,A00979,P0408,REQK0016,USERK0007,20260527,Panel,pending,5
I00140,A00175,P0265,REQK0008,USERK0011,20260510,Panel,pass,3
I00274,A00322,P0095,REQK0019,USERK0007,20260722,Screen call,pending,3
I00629,A00709,P0278,REQK0024,USERK0007,20260512,Culture,pending,4
I01152,A01276,P0390,REQK0021,USERK0005,20260525,Panel,pending,4
I01209,A01354,P0386,REQK0022,USERK0005,20260324,Panel,no_show,5
I01210,A01356,P0199,REQK0021,USERK0009,20260628,Panel,pending,2
I01093,A01210,P0124,REQK0003,USERK0001,20260327,Culture,no_show,3
I01021,A01135,P0361,REQK0008,USERK0009,20260710,Screen call,pass,2
I01163,A01284,P0356,REQK0006,USERK0012,20260719,Screen call,fail,3
I01052,A01181,P0347,REQK0024,USERK0008,20260608,Screen call,pass,
I01190,A01334,P0018,REQK0016,USERK0010,20260225,Culture,pass,
I00700,A00779,P0179,REQK0003,USERK0008,20260110,Technical,pass,3
I00098,A00125,P0074,REQK0004,USERK0012,20260526,Screen call,fail,2
I00455,A00525,P0167,REQK0025,USERK0011,20260531,System design,pending,3
I00058,A00070,P0272,REQK0008,USERK0006,20260509,System design,pending,2
I01050,A01176,P0552,REQK0010,USERK0011,20260613,Panel,pending,4
I00267,A00312,P0428,REQK0005,USERK0007,20260517,Screen call,no_show,5
I00626,A00704,P0356,REQK0022,USERK0006,20260529,Technical,no_show,
I00527,A00601,P0103,REQK0020,USERK0007,20260624,Culture,pass,5
I01020,A01135,P0361,REQK0008,USERK0012,20260707,Technical,pass,4
I00860,A00954,P0160,REQK0025,USERK0009,20260517,Culture,fail,5
I00673,A00757,P0270,REQK0017,USERK0001,20260508,Panel,pass,5
I00277,A00325,P0272,REQK0015,USERK0008,20260620,Culture,fail,3
I00242,A00282,P0039,REQK0016,USERK0009,20260307,Culture,pending,2
I00264,A00309,P0526,REQK0007,USERK0006,20251216,System design,no_show,5
I00533,A00603,P0302,REQK0018,USERK0004,20260702,Screen call,fail,
I00228,A00274,P0070,REQK0004,USERK0007,20260523,Panel,fail,
I00881,A00978,P0435,REQK0001,USERK0008,20260724,Screen call,pass,5
I00723,A00804,P0320,REQK0001,USERK0002,20260603,Screen call,pass,
I00865,A00962,P0040,REQK0011,USERK0009,20260701,System design,pending,4
I00205,A00246,P0280,REQK0007,USERK0012,20260303,System design,pass,4
I00247,A00289,P0289,REQK0026,USERK0008,20260602,Panel,pass,4
I00075,A00101,P0013,REQK0026,USERK0008,20260724,Panel,pass,3
I00301,A00361,P0364,REQK0026,USERK0003,20260727,Screen call,pass,3
I00833,A00925,P0133,REQK0019,USERK0001,20260703,Technical,fail,3
I00595,A00661,P0013,REQK0003,USERK0006,20260111,System design,no_show,
I00300,A00358,P0041,REQK0012,USERK0011,20251113,Panel,pass,3
I00429,A00489,P0027,REQK0019,USERK0010,20260629,Panel,fail,4
I00251,A00292,P0082,REQK0018,USERK0010,20260518,System design,pass,
I00304,A00362,P0506,REQK0015,USERK0008,20260712,Culture,pass,5
I00517,A00590,P0075,REQK0001,USERK0008,20260723,System design,pass,3
I00793,A00877,P0141,REQK0020,USERK0004,20260508,Panel,pending,4
I00674,A00757,P0270,REQK0017,USERK0005,20260511,System design,pass,5
I00132,A00166,P0106,REQK0018,USERK0004,20260110,Technical,fail,3
I01255,A01431,P0494,REQK0006,USERK0008,20260607,Screen call,pending,4
I00285,A00334,P0378,REQK0006,USERK0007,20260602,Panel,pass,2
I00290,A00345,P0094,REQK0013,USERK0010,20260502,Culture,fail,5
I00359,A00409,P0088,REQK0024,USERK0007,20260721,System design,no_show,2
I00824,A00910,P0500,REQK0020,USERK0002,20260704,Technical,pending,5
I00227,A00274,P0070,REQK0004,USERK0012,20260520,System design,pass,3
I01181,A01317,P0111,REQK0022,USERK0006,20260315,Culture,pass,4
I01040,A01161,P0486,REQK0022,USERK0009,20260322,Screen call,pass,
I00014,A00021,P0002,REQK0002,USERK0005,20260224,System design,fail,4
I00895,A00989,P0539,REQK0004,USERK0005,20260614,Screen call,no_show,2
I00129,A00162,P0018,REQK0003,USERK0007,20251212,Screen call,pass,4
I00689,A00766,P0032,REQK0004,USERK0001,20260601,Screen call,pass,4
I00710,A00787,P0435,REQK0019,USERK0001,20260609,Technical,pass,4
I00768,A00853,P0240,REQK0012,USERK0005,20251207,Screen call,no_show,4
I00702,A00781,P0371,REQK0015,USERK0006,20260508,Panel,pending,4
I00164,A00201,P0404,REQK0005,USERK0012,20260424,Technical,pass,4
I00151,A00192,P0334,REQK0015,USERK0001,20260524,System design,fail,
I00799,A00886,P0267,REQK0015,USERK0001,20260424,Technical,pass,3
I00382,A00428,P0025,REQK0023,USERK0012,20260607,Technical,no_show,2
I00317,A00376,P0293,REQK0002,USERK0002,20260419,Panel,pass,2
I00444,A00514,P0265,REQK0003,USERK0011,20260625,Screen call,pass,3
I00425,A00485,P0138,REQK0006,USERK0011,20260501,Technical,no_show,5
I00590,A00658,P0114,REQK0008,USERK0007,20260727,Culture,pending,
I01211,A01356,P0199,REQK0021,USERK0008,20260701,Culture,pass,4
I00328,A00382,P0240,REQK0018,USERK0001,20260402,Technical,pending,
I01147,A01272,P0330,REQK0026,USERK0003,20260711,Screen call,fail,3
I00971,A01088,P0519,REQK0003,USERK0007,20260628,Technical,fail,4
I01195,A01339,P0188,REQK0014,USERK0012,20251027,Screen call,pass,4
I00761,A00844,P0295,REQK0012,USERK0012,20251128,Screen call,pending,4
I00208,A00252,P0482,REQK0022,USERK0005,20260312,Panel,pending,3
I01018,A01131,P0196,REQK0007,USERK0010,20260708,System design,no_show,5
I01242,A01413,P0103,REQK0010,USERK0004,20260420,Technical,fail,4
I00532,A00603,P0302,REQK0018,USERK0002,20260629,Technical,pass,4
I00524,A00594,P0395,REQK0019,USERK0004,20260718,Technical,pass,
I01157,A01279,P0224,REQK0015,USERK0005,20260707,System design,pass,5
I00612,A00675,P0033,REQK0019,USERK0008,20260707,Culture,pending,
I00344,A00394,P0292,REQK0009,USERK0012,20251201,Technical,pass,
I00952,A01065,P0071,REQK0009,USERK0011,20260128,Screen call,pass,4
I01063,A01191,P0356,REQK0014,USERK0004,20260102,Culture,fail,3
I00048,A00062,P0470,REQK0019,USERK0005,20260605,System design,fail,
I00529,A00602,P0351,REQK0003,USERK0007,20260707,System design,pass,2
I00089,A00117,P0439,REQK0008,USERK0004,20260614,Panel,no_show,
I00241,A00282,P0039,REQK0016,USERK0010,20260304,Screen call,fail,4
I00995,A01106,P0082,REQK0022,USERK0012,20260205,System design,pending,2
I00094,A00121,P0248,REQK0002,USERK0002,20260718,Screen call,fail,4
I00331,A00386,P0050,REQK0020,USERK0010,20260726,Culture,pending,3
I01218,A01366,P0141,REQK0015,USERK0001,20260702,Screen call,pending,3
I00232,A00276,P0524,REQK0002,USERK0007,20251223,Culture,pass,3
I01158,A01280,P0037,REQK0007,USERK0011,20251225,Screen call,fail,3
I00464,A00536,P0133,REQK0020,USERK0002,20260426,Technical,pass,5
I00574,A00643,P0209,REQK0024,USERK0001,20260717,Technical,no_show,3
I01061,A01190,P0390,REQK0015,USERK0004,20260524,Culture,pending,4
I01258,A01433,P0120,REQK0018,USERK0011,20260624,System design,pass,5
I00807,A00895,P0497,REQK0018,USERK0007,20260528,System design,pass,4
I00572,A00640,P0548,REQK0026,USERK0005,20260527,Panel,pending,3
I00372,A00418,P0216,REQK0023,USERK0001,20260519,Panel,no_show,
I01145,A01270,P0359,REQK0019,USERK0006,20260611,Panel,pass,5
I00256,A00303,P0560,REQK0017,USERK0005,20260510,Technical,pending,3
I00623,A00701,P0005,REQK0014,USERK0003,20260212,Culture,fail,2
I00403,A00458,P0054,REQK0024,USERK0003,20260709,Culture,no_show,
I00061,A00073,P0415,REQK0015,USERK0009,20260219,Panel,pass,3
I01169,A01290,P0074,REQK0026,USERK0011,20260607,Culture,no_show,
I00798,A00886,P0267,REQK0015,USERK0011,20260421,Screen call,pass,5
I00137,A00170,P0349,REQK0022,USERK0009,20260502,Technical,fail,4
I00847,A00935,P0428,REQK0010,USERK0005,20260617,System design,pending,3
I01275,A01450,P0356,REQK0013,USERK0001,20260427,Screen call,no_show,
I00015,A00025,P0278,REQK0026,USERK0006,20260509,System design,pass,3
I01056,A01185,P0064,REQK0006,USERK0006,20260522,Culture,no_show,4
I00598,A00662,P0169,REQK0020,USERK0010,20260402,Screen call,pass,4
I01059,A01186,P0513,REQK0002,USERK0002,20260624,Screen call,pass,
I00172,A00209,P0288,REQK0022,USERK0002,20260119,Screen call,pass,3
I00684,A00762,P0053,REQK0014,USERK0006,20260604,Technical,no_show,4
I01197,A01339,P0188,REQK0014,USERK0009,20251102,Screen call,pass,4
I00801,A00887,P0386,REQK0021,USERK0003,20260712,Culture,fail,2
I00445,A00516,P0149,REQK0006,USERK0002,20260723,Technical,fail,5
I00348,A00398,P0060,REQK0014,USERK0006,20260312,Culture,pass,5
I00255,A00298,P0461,REQK0013,USERK0006,20260217,Technical,fail,5
I00510,A00584,P0218,REQK0015,USERK0009,20260626,System design,fail,2
I01184,A01322,P0405,REQK0018,USERK0009,20260721,Technical,pass,2
I00640,A00720,P0316,REQK0009,USERK0006,20260709,Culture,no_show,4
I00423,A00484,P0143,REQK0006,USERK0010,20260605,Technical,fail,2
I00493,A00568,P0040,REQK0018,USERK0008,20260320,Technical,no_show,3
I00250,A00290,P0481,REQK0021,USERK0009,20260724,Panel,pending,5
I01173,A01299,P0066,REQK0022,USERK0011,20251210,Screen call,pass,2
I01134,A01259,P0321,REQK0026,USERK0009,20260611,Technical,pass,2
I00006,A00016,P0251,REQK0001,USERK0011,20260606,System design,fail,3
I01023,A01137,P0414,REQK0016,USERK0001,20260607,Screen call,pending,4
I01081,A01204,P0255,REQK0022,USERK0011,20260312,Technical,pass,5
I00280,A00331,P0003,REQK0024,USERK0012,20260711,Culture,no_show,4
I00749,A00831,P0437,REQK0021,USERK0001,20260704,Technical,pending,4
I00941,A01044,P0392,REQK0005,USERK0002,20260602,Culture,pending,4
I00716,A00798,P0388,REQK0012,USERK0006,20260211,Technical,fail,4
I00683,A00762,P0053,REQK0014,USERK0002,20260601,Screen call,no_show,5
I00913,A01012,P0386,REQK0002,USERK0003,20251111,Culture,pass,5
I00551,A00618,P0218,REQK0003,USERK0012,20260511,Panel,pass,3
I00706,A00785,P0382,REQK0013,USERK0007,20260723,System design,no_show,2
I00037,A00050,P0272,REQK0016,USERK0012,20260720,System design,no_show,4
I00470,A00542,P0514,REQK0017,USERK0002,20260616,System design,pass,3
I00993,A01105,P0034,REQK0002,USERK0004,20260701,Culture,fail,2
I00326,A00381,P0343,REQK0017,USERK0002,20260604,Culture,pass,4
I00055,A00068,P0100,REQK0004,USERK0005,20260601,Technical,no_show,3
I00346,A00396,P0179,REQK0020,USERK0012,20260606,Panel,pending,2
I00439,A00511,P0443,REQK0012,USERK0011,20251229,System design,pending,5
I00462,A00535,P0402,REQK0012,USERK0004,20260220,Screen call,pending,4
I00410,A00462,P0231,REQK0022,USERK0008,20260427,Technical,pass,2
I00745,A00826,P0060,REQK0001,USERK0005,20260621,Technical,pass,4
I00144,A00183,P0347,REQK0004,USERK0012,20260531,Technical,pass,2
I00190,A00238,P0453,REQK0025,USERK0002,20260420,Culture,no_show,4
I00414,A00468,P0230,REQK0003,USERK0012,20260107,Screen call,fail,3
I01105,A01217,P0148,REQK0010,USERK0008,20260621,System design,fail,
I00038,A00054,P0208,REQK0002,USERK0007,20260226,System design,pass,
I01069,A01196,P0120,REQK0002,USERK0009,20260209,Panel,pending,3
I00394,A00439,P0078,REQK0026,USERK0010,20260721,System design,pass,4
I00221,A00270,P0025,REQK0006,USERK0009,20260608,Technical,pending,3
I00924,A01022,P0056,REQK0013,USERK0003,20260412,Culture,pass,4
I01001,A01112,P0361,REQK0021,USERK0001,20260528,Panel,no_show,3
I00635,A00717,P0363,REQK0002,USERK0011,20260420,System design,pending,4
I00123,A00151,P0424,REQK0011,USERK0004,20260704,System design,pending,4
I00179,A00223,P0230,REQK0001,USERK0004,20260714,Screen call,pending,4
I00219,A00269,P0414,REQK0022,USERK0009,20260401,Screen call,fail,5
I00258,A00307,P0378,REQK0010,USERK0011,20260630,System design,pass,3
I00368,A00414,P0353,REQK0001,USERK0009,20260528,Culture,no_show,3
I00954,A01067,P0135,REQK0016,USERK0009,20260513,Panel,fail,2
I00660,A00742,P0412,REQK0006,USERK0011,20260410,Panel,pass,
I00821,A00909,P0048,REQK0022,USERK0012,20260322,Culture,fail,3
I01113,A01223,P0479,REQK0022,USERK0005,20260621,Culture,fail,4
I00653,A00734,P0398,REQK0019,USERK0009,20260619,Culture,no_show,2
I00521,A00592,P0009,REQK0012,USERK0012,20260301,Culture,no_show,5
I00894,A00988,P0532,REQK0019,USERK0005,20260709,Culture,pending,
I00933,A01036,P0536,REQK0008,USERK0012,20260624,Panel,no_show,2
I00545,A00616,P0055,REQK0002,USERK0010,20260318,Screen call,fail,3
I01233,A01395,P0551,REQK0010,USERK0003,20260605,System design,no_show,5
I00112,A00139,P0116,REQK0022,USERK0009,20260720,Culture,pass,2
I00712,A00793,P0389,REQK0025,USERK0008,20251223,Technical,pending,
I01206,A01352,P0023,REQK0010,USERK0008,20260512,Panel,pending,3
I00877,A00974,P0032,REQK0001,USERK0010,20260709,Screen call,no_show,3
I00131,A00162,P0018,REQK0003,USERK0006,20251218,Technical,no_show,4
I01099,A01215,P0242,REQK0001,USERK0010,20260622,System design,pending,4
I01151,A01276,P0390,REQK0021,USERK0007,20260522,Panel,pass,5
I00353,A00405,P0459,REQK0020,USERK0005,20260609,Panel,no_show,3
I01162,A01282,P0127,REQK0001,USERK0007,20260713,Culture,pass,5
I00961,A01075,P0374,REQK0003,USERK0008,20260707,Screen call,pending,4
I00134,A00168,P0194,REQK0017,USERK0007,20260518,Technical,pending,3
I00834,A00925,P0133,REQK0019,USERK0008,20260706,Technical,pass,4
I01175,A01302,P0426,REQK0005,USERK0012,20260506,System design,fail,
I00921,A01018,P0350,REQK0019,USERK0004,20260629,System design,fail,3
I00062,A00073,P0415,REQK0015,USERK0006,20260222,Technical,no_show,4
I01008,A01120,P0293,REQK0010,USERK0005,20260724,Technical,no_show,4
I01208,A01354,P0386,REQK0022,USERK0011,20260321,Screen call,pending,5
I01132,A01258,P0335,REQK0025,USERK0008,20260430,Panel,pass,3
I00963,A01079,P0177,REQK0014,USERK0007,20260306,System design,no_show,4
I01174,A01299,P0066,REQK0022,USERK0002,20251213,Technical,fail,4
I00790,A00875,P0071,REQK0015,USERK0009,20260528,Panel,no_show,4
I01232,A01395,P0551,REQK0010,USERK0010,20260602,Technical,no_show,5
I00620,A00685,P0121,REQK0019,USERK0008,20260614,System design,pass,
I00181,A00227,P0057,REQK0009,USERK0006,20260626,Panel,fail,
I00289,A00345,P0094,REQK0013,USERK0004,20260429,Panel,pass,3
I01220,A01380,P0413,REQK0002,USERK0005,20260709,Culture,pending,4
I01077,A01202,P0214,REQK0015,USERK0012,20260727,Technical,no_show,3
I00607,A00672,P0445,REQK0025,USERK0006,20251018,System design,pending,4
I01138,A01264,P0348,REQK0026,USERK0005,20260529,Screen call,no_show,3
I00817,A00902,P0375,REQK0016,USERK0004,20260731,Culture,pass,2
I00661,A00745,P0156,REQK0018,USERK0007,20260105,System design,fail,3
I00624,A00701,P0005,REQK0014,USERK0011,20260215,Technical,pending,2
I00831,A00920,P0479,REQK0005,USERK0005,20260622,Technical,pass,4
I00202,A00245,P0283,REQK0018,USERK0001,20260506,Culture,pending,3
I00387,A00437,P0212,REQK0011,USERK0007,20260225,Technical,pass,3
I00476,A00552,P0319,REQK0024,USERK0003,20260706,Panel,pass,3
I00235,A00279,P0431,REQK0026,USERK0004,20260531,System design,fail,4
I00120,A00148,P0054,REQK0012,USERK0003,20251023,Panel,pass,3
I00027,A00039,P0143,REQK0015,USERK0009,20260630,Culture,pass,3
I00907,A01008,P0036,REQK0008,USERK0006,20260610,System design,pending,4
I01048,A01174,P0360,REQK0025,USERK0008,20260203,Culture,pass,4
I00334,A00388,P0362,REQK0026,USERK0010,20260723,Screen call,no_show,5
I00569,A00639,P0440,REQK0008,USERK0009,20260611,Screen call,pass,5
I00616,A00682,P0299,REQK0010,USERK0004,20260624,Technical,pending,4
I00804,A00893,P0091,REQK0013,USERK0006,20260603,Technical,pass,4
I00549,A00617,P0022,REQK0013,USERK0001,20260521,System design,pending,3
I00922,A01019,P0271,REQK0026,USERK0009,20260621,Screen call,pass,
I00145,A00185,P0074,REQK0014,USERK0003,20260101,Culture,no_show,4
I01139,A01264,P0348,REQK0026,USERK0004,20260601,System design,fail,2
I00610,A00674,P0047,REQK0020,USERK0003,20260605,Screen call,no_show,3
I00485,A00558,P0327,REQK0005,USERK0007,20260330,Panel,pass,
I01100,A01216,P0388,REQK0019,USERK0005,20260611,Screen call,fail,2
I01128,A01248,P0319,REQK0007,USERK0004,20260317,Panel,fail,
I00306,A00366,P0341,REQK0019,USERK0003,20260717,System design,pending,
I00944,A01045,P0063,REQK0017,USERK0003,20251210,System design,pending,3
I00646,A00725,P0327,REQK0021,USERK0010,20260721,Culture,no_show,3
I00693,A00773,P0335,REQK0004,USERK0009,20260530,Culture,fail,4
I01235,A01402,P0350,REQK0002,USERK0010,20260213,System design,fail,
I00665,A00750,P0161,REQK0017,USERK0003,20260501,Culture,pass,4
I01196,A01339,P0188,REQK0014,USERK0004,20251030,System design,fail,2
I00234,A00276,P0524,REQK0002,USERK0010,20251229,Technical,pending,4
I00849,A00937,P0400,REQK0007,USERK0003,20260609,Screen call,pending,5
I00438,A00509,P0031,REQK0017,USERK0006,20260419,Panel,no_show,3
I00505,A00575,P0049,REQK0010,USERK0011,20260512,Culture,no_show,4
I00222,A00270,P0025,REQK0006,USERK0012,20260611,Technical,fail,
I00052,A00066,P0495,REQK0023,USERK0007,20260507,Culture,pass,4
I00482,A00557,P0490,REQK0018,USERK0010,20260228,Technical,no_show,4
I00578,A00648,P0371,REQK0011,USERK0004,20251204,Panel,fail,2
I01042,A01168,P0513,REQK0002,USERK0008,20260518,Screen call,pass,3
I00097,A00125,P0074,REQK0004,USERK0005,20260523,Technical,no_show,4
I01252,A01429,P0037,REQK0013,USERK0009,20260209,Screen call,pending,3
I00890,A00985,P0419,REQK0020,USERK0008,20260430,Screen call,pending,2
I00795,A00883,P0049,REQK0003,USERK0011,20251124,Panel,fail,4
I01186,A01333,P0419,REQK0016,USERK0001,20260304,Culture,pass,3
I01109,A01220,P0377,REQK0016,USERK0007,20260112,Panel,no_show,4
I00531,A00603,P0302,REQK0018,USERK0010,20260626,System design,pending,5
I00528,A00602,P0351,REQK0003,USERK0003,20260704,Technical,pending,3
I00265,A00312,P0428,REQK0005,USERK0011,20260511,Panel,no_show,2
I00020,A00029,P0380,REQK0014,USERK0002,20251214,System design,pending,2
I00874,A00971,P0334,REQK0010,USERK0009,20260713,Panel,no_show,3
I01044,A01168,P0513,REQK0002,USERK0002,20260524,Screen call,pass,4
I00026,A00038,P0379,REQK0003,USERK0011,20251126,Panel,pending,4
I00704,A00781,P0371,REQK0015,USERK0011,20260514,Culture,pass,3
I00512,A00585,P0259,REQK0020,USERK0005,20260614,Technical,pass,3
I01248,A01418,P0047,REQK0011,USERK0002,20260430,System design,pass,
I00463,A00536,P0133,REQK0020,USERK0002,20260423,Panel,no_show,5
I00296,A00353,P0415,REQK0021,USERK0004,20260605,Culture,pass,4
I00252,A00293,P0026,REQK0004,USERK0005,20260704,Panel,no_show,
I01266,A01440,P0091,REQK0011,USERK0009,20251115,System design,pass,4
I00434,A00502,P0186,REQK0024,USERK0009,20260720,Panel,fail,
I00886,A00981,P0548,REQK0021,USERK0002,20260630,Technical,pending,2
I00593,A00660,P0101,REQK0006,USERK0012,20260314,Screen call,fail,4
I00567,A00636,P0376,REQK0009,USERK0007,20260529,Technical,pass,4
I00764,A00849,P0226,REQK0024,USERK0004,20260709,System design,fail,2
I00908,A01009,P0159,REQK0017,USERK0009,20260602,Screen call,pass,4
I01078,A01203,P0338,REQK0003,USERK0012,20260711,Culture,no_show,2
I00664,A00749,P0052,REQK0025,USERK0005,20260405,Culture,no_show,2
I01012,A01121,P0270,REQK0019,USERK0010,20260717,Culture,no_show,3
I01247,A01418,P0047,REQK0011,USERK0001,20260427,Screen call,pass,2
I00367,A00414,P0353,REQK0001,USERK0001,20260525,Culture,pass,2
I00178,A00223,P0230,REQK0001,USERK0003,20260711,Panel,pass,2
I01269,A01442,P0218,REQK0002,USERK0007,20260803,Culture,no_show,3
I00543,A00614,P0122,REQK0002,USERK0008,20260713,Culture,pending,
I01201,A01343,P0188,REQK0025,USERK0004,20260620,Screen call,fail,4
I00925,A01022,P0056,REQK0013,USERK0001,20260415,Panel,fail,
I01161,A01281,P0198,REQK0017,USERK0010,20260403,Culture,fail,3
I01148,A01272,P0330,REQK0026,USERK0005,20260714,Culture,pass,5
I00041,A00056,P0032,REQK0015,USERK0009,20260717,Technical,pass,3
I00469,A00542,P0514,REQK0017,USERK0007,20260613,Culture,no_show,3
I00614,A00678,P0207,REQK0001,USERK0008,20260713,Culture,pass,5
I00461,A00530,P0379,REQK0010,USERK0006,20260406,Technical,no_show,
I00354,A00405,P0459,REQK0020,USERK0007,20260612,Screen call,pass,4
I00760,A00844,P0295,REQK0012,USERK0005,20251125,Screen call,pass,4
I01112,A01222,P0064,REQK0010,USERK0012,20260418,System design,pass,2
I00494,A00569,P0422,REQK0020,USERK0003,20260330,Culture,no_show,3
I00193,A00239,P0390,REQK0001,USERK0009,20260606,Screen call,fail,4
I01236,A01402,P0350,REQK0002,USERK0009,20260216,Screen call,no_show,4
I00102,A00132,P0057,REQK0002,USERK0004,20260720,System design,pass,5
I00109,A00138,P0065,REQK0003,USERK0006,20260428,Technical,no_show,4
I00705,A00783,P0481,REQK0014,USERK0011,20260215,Culture,pass,4
I01102,A01216,P0388,REQK0019,USERK0008,20260617,Technical,pass,2
I01205,A01352,P0023,REQK0010,USERK0002,20260509,Culture,no_show,2
I01073,A01198,P0336,REQK0026,USERK0007,20260619,Screen call,fail,4
I01051,A01177,P0209,REQK0010,USERK0002,20260424,Culture,pass,3
I00254,A00295,P0266,REQK0007,USERK0004,20260510,System design,no_show,
I00092,A00118,P0406,REQK0003,USERK0006,20251227,Panel,pass,3
I00311,A00369,P0527,REQK0003,USERK0001,20260525,Panel,pass,3
I00887,A00981,P0548,REQK0021,USERK0003,20260703,Panel,fail,
I01241,A01413,P0103,REQK0010,USERK0001,20260417,Culture,pass,3
I00479,A00553,P0053,REQK0009,USERK0002,20260709,Culture,no_show,2
I00942,A01044,P0392,REQK0005,USERK0007,20260605,Screen call,fail,4
I00725,A00804,P0320,REQK0001,USERK0012,20260609,System design,pending,3
I00859,A00954,P0160,REQK0025,USERK0006,20260514,Technical,pass,4
I00186,A00234,P0032,REQK0005,USERK0003,20260505,System design,no_show,3
I00042,A00056,P0032,REQK0015,USERK0006,20260720,Culture,no_show,4
I00095,A00121,P0248,REQK0002,USERK0009,20260721,Culture,fail,4
I00932,A01036,P0536,REQK0008,USERK0011,20260621,Culture,no_show,3
I00466,A00537,P0125,REQK0016,USERK0006,20260515,System design,pending,3
I00955,A01070,P0358,REQK0023,USERK0005,20260621,Screen call,fail,3
I00269,A00314,P0215,REQK0016,USERK0011,20260706,Screen call,fail,4
I00200,A00243,P0530,REQK0026,USERK0002,20260614,Screen call,pending,4
I01065,A01191,P0356,REQK0014,USERK0007,20260108,Panel,pass,3
I00649,A00727,P0239,REQK0018,USERK0008,20260610,Screen call,fail,3
I00900,A00994,P0538,REQK0003,USERK0012,20260116,Screen call,pass,5
I01025,A01139,P0203,REQK0014,USERK0007,20260124,Culture,pass,
I00049,A00063,P0381,REQK0008,USERK0011,20260728,Panel,no_show,
I00520,A00591,P0180,REQK0008,USERK0001,20260520,Culture,fail,3
I00245,A00289,P0289,REQK0026,USERK0012,20260527,System design,pass,4
I00389,A00438,P0174,REQK0022,USERK0006,20260110,Technical,no_show,4
I00405,A00458,P0054,REQK0024,USERK0005,20260715,Technical,pass,
I00417,A00474,P0135,REQK0012,USERK0012,20260429,Panel,fail,4
I00467,A00537,P0125,REQK0016,USERK0012,20260518,Panel,pass,5
I01140,A01264,P0348,REQK0026,USERK0008,20260604,Culture,pass,5
I00759,A00841,P0238,REQK0026,USERK0012,20260706,Technical,no_show,4
I00386,A00437,P0212,REQK0011,USERK0005,20260222,Technical,no_show,4
I00244,A00284,P0431,REQK0009,USERK0003,20260715,System design,fail,3
I01049,A01176,P0552,REQK0010,USERK0004,20260610,Panel,fail,
I00832,A00923,P0215,REQK0007,USERK0011,20251111,System design,no_show,3
I00618,A00684,P0073,REQK0010,USERK0008,20260718,Culture,pass,
I00998,A01107,P0208,REQK0012,USERK0008,20251105,Panel,pending,
I01260,A01435,P0367,REQK0012,USERK0005,20260214,System design,pass,4
I00066,A00078,P0031,REQK0009,USERK0001,20260602,System design,fail,
I00639,A00720,P0316,REQK0009,USERK0008,20260706,Culture,pass,4
I00519,A00591,P0180,REQK0008,USERK0007,20260517,Panel,pass,2
I00441,A00511,P0443,REQK0012,USERK0002,20260104,Culture,pending,
I00246,A00289,P0289,REQK0026,USERK0008,20260530,Technical,pass,3
I00586,A00652,P0532,REQK0018,USERK0010,20260419,Screen call,pass,4
I00786,A00872,P0143,REQK0001,USERK0003,20260630,Culture,pending,5
I00465,A00537,P0125,REQK0016,USERK0001,20260512,Technical,pending,3
I00888,A00983,P0266,REQK0008,USERK0008,20260525,System design,pending,3
I00645,A00723,P0498,REQK0012,USERK0006,20260128,Technical,pass,5
I00023,A00030,P0233,REQK0019,USERK0008,20260624,Panel,pass,5
I00711,A00793,P0389,REQK0025,USERK0011,20251220,Culture,pending,5
I00652,A00730,P0190,REQK0023,USERK0003,20260605,Panel,fail,4
I00919,A01016,P0414,REQK0016,USERK0007,20260719,Technical,pass,2
I00599,A00662,P0169,REQK0020,USERK0004,20260405,Culture,no_show,3
I01168,A01285,P0385,REQK0022,USERK0007,20260720,Panel,no_show,5
I00397,A00446,P0310,REQK0004,USERK0012,20260714,System design,pending,2
I00769,A00853,P0240,REQK0012,USERK0005,20251210,Culture,pending,4
I00210,A00255,P0304,REQK0011,USERK0003,20260409,Panel,pending,4
I00349,A00399,P0307,REQK0024,USERK0012,20260617,Screen call,fail,3
I00302,A00361,P0364,REQK0026,USERK0002,20260730,Culture,fail,5
I00332,A00388,P0362,REQK0026,USERK0007,20260717,Culture,no_show,3
I00045,A00058,P0010,REQK0005,USERK0012,20260414,Screen call,pass,3
I00490,A00565,P0248,REQK0013,USERK0003,20260509,System design,pass,2
I00909,A01009,P0159,REQK0017,USERK0007,20260605,Culture,fail,2
I01272,A01449,P0142,REQK0007,USERK0003,20260608,Culture,pending,3
I00070,A00083,P0383,REQK0012,USERK0006,20251116,Culture,no_show,
I00982,A01097,P0308,REQK0018,USERK0002,20260612,Screen call,pending,
I01079,A01203,P0338,REQK0003,USERK0007,20260714,Technical,pending,4
I00165,A00201,P0404,REQK0005,USERK0004,20260427,System design,no_show,3
I00658,A00740,P0550,REQK0001,USERK0004,20260720,Technical,fail,3
I00160,A00200,P0351,REQK0003,USERK0011,20260714,Culture,fail,4
I00784,A00870,P0214,REQK0018,USERK0001,20260531,Screen call,fail,4
I01126,A01243,P0351,REQK0007,USERK0011,20260527,System design,pass,5
I00753,A00833,P0368,REQK0004,USERK0005,20260603,Technical,pass,4
I01154,A01277,P0339,REQK0017,USERK0003,20260719,Screen call,pass,4
I00754,A00837,P0023,REQK0020,USERK0001,20260724,Panel,no_show,3
I00379,A00426,P0295,REQK0025,USERK0010,20260430,Culture,no_show,5
I01041,A01161,P0486,REQK0022,USERK0011,20260325,Panel,pass,5
I01155,A01279,P0224,REQK0015,USERK0011,20260701,System design,no_show,2
I01121,A01237,P0368,REQK0013,USERK0011,20260420,Culture,fail,4
I00930,A01031,P0190,REQK0009,USERK0005,20251215,System design,pending,4
I00740,A00824,P0256,REQK0015,USERK0003,20260521,Panel,no_show,
I01120,A01237,P0368,REQK0013,USERK0002,20260417,Culture,pass,
I00782,A00870,P0214,REQK0018,USERK0004,20260525,System design,fail,2
I00694,A00776,P0459,REQK0007,USERK0010,20260122,System design,no_show,3
I00503,A00573,P0472,REQK0008,USERK0008,20260615,Panel,pass,2
I01087,A01208,P0217,REQK0018,USERK0008,20260331,Screen call,pass,3
I00053,A00066,P0495,REQK0023,USERK0007,20260510,Technical,pass,5
I00862,A00961,P0413,REQK0002,USERK0006,20260312,Technical,pass,2
I00442,A00514,P0265,REQK0003,USERK0004,20260619,Culture,pass,5
I01193,A01336,P0156,REQK0023,USERK0005,20260623,Culture,fail,5
I00600,A00663,P0124,REQK0015,USERK0002,20260424,Screen call,no_show,4
I00544,A00616,P0055,REQK0002,USERK0009,20260315,Culture,pass,
I01103,A01217,P0148,REQK0010,USERK0003,20260615,Technical,fail,3
I00036,A00049,P0275,REQK0003,USERK0010,20260710,Panel,pass,2
I00882,A00978,P0435,REQK0001,USERK0006,20260727,Technical,no_show,2
I00029,A00041,P0519,REQK0018,USERK0007,20260525,Screen call,pending,4
I01015,A01124,P0202,REQK0014,USERK0003,20260408,System design,pass,3
I01080,A01203,P0338,REQK0003,USERK0004,20260717,Culture,fail,2
I00320,A00377,P0088,REQK0006,USERK0007,20260201,Screen call,fail,3
I00259,A00307,P0378,REQK0010,USERK0009,20260703,System design,pass,2
I00838,A00931,P0041,REQK0019,USERK0001,20260712,Technical,pass,2
I00576,A00645,P0059,REQK0012,USERK0012,20260605,Culture,fail,
I00433,A00499,P0437,REQK0016,USERK0002,20260531,Culture,pending,4
I00686,A00765,P0256,REQK0015,USERK0005,20260605,Panel,fail,5
I00511,A00585,P0259,REQK0020,USERK0011,20260611,System design,pending,4
I00539,A00609,P0359,REQK0008,USERK0004,20260625,System design,no_show,4
I01170,A01290,P0074,REQK0026,USERK0003,20260610,Panel,pass,4
I00019,A00029,P0380,REQK0014,USERK0008,20251211,Panel,pass,4
I00651,A00730,P0190,REQK0023,USERK0006,20260602,Technical,no_show,
I00666,A00753,P0050,REQK0026,USERK0008,20260627,System design,pass,5
I01022,A01135,P0361,REQK0008,USERK0002,20260713,Technical,pass,3
I01003,A01116,P0501,REQK0021,USERK0003,20260524,Technical,pass,4
I00522,A00592,P0009,REQK0012,USERK0008,20260304,Culture,pending,5
I00056,A00069,P0325,REQK0017,USERK0005,20260216,Culture,pass,5
I00113,A00140,P0404,REQK0006,USERK0007,20260208,Technical,no_show,2
I00625,A00701,P0005,REQK0014,USERK0009,20260218,Panel,pass,4
I01088,A01208,P0217,REQK0018,USERK0009,20260403,System design,pending,
I01171,A01290,P0074,REQK0026,USERK0001,20260613,Technical,pending,3
I00851,A00941,P0530,REQK0001,USERK0002,20260625,Screen call,pass,3
I00270,A00315,P0047,REQK0013,USERK0011,20260210,Culture,no_show,3
I00856,A00949,P0094,REQK0007,USERK0003,20260312,Technical,pending,
I00422,A00484,P0143,REQK0006,USERK0004,20260602,Panel,fail,4
I01098,A01214,P0332,REQK0003,USERK0009,20260801,Technical,pass,3
I01036,A01155,P0372,REQK0012,USERK0003,20260326,Screen call,pass,3
I00697,A00777,P0194,REQK0018,USERK0006,20260427,Screen call,no_show,4
I01038,A01158,P0517,REQK0019,USERK0005,20260525,Panel,pass,4
I00611,A00674,P0047,REQK0020,USERK0004,20260608,Panel,pending,3
I00327,A00381,P0343,REQK0017,USERK0004,20260607,Culture,pass,4
I00627,A00708,P0121,REQK0016,USERK0007,20260211,System design,no_show,3
I00947,A01056,P0351,REQK0026,USERK0007,20260721,Panel,pending,2
I01131,A01258,P0335,REQK0025,USERK0009,20260427,Screen call,pass,2
I00729,A00807,P0111,REQK0018,USERK0010,20260419,Panel,pass,
I00292,A00348,P0109,REQK0003,USERK0006,20260422,System design,fail,2
I00263,A00309,P0526,REQK0007,USERK0001,20251213,Technical,pass,4
I01253,A01430,P0223,REQK0016,USERK0004,20260210,Technical,fail,3
I00928,A01028,P0293,REQK0018,USERK0003,20260427,Culture,fail,3
I01047,A01172,P0394,REQK0008,USERK0001,20260420,Screen call,pending,
I00724,A00804,P0320,REQK0001,USERK0011,20260606,Technical,pending,4
I00583,A00650,P0033,REQK0016,USERK0010,20260211,Panel,no_show,2
I00054,A00068,P0100,REQK0004,USERK0007,20260529,System design,pass,4
I01027,A01145,P0023,REQK0016,USERK0003,20260617,Technical,fail,3
I01011,A01121,P0270,REQK0019,USERK0002,20260714,Panel,pass,3
I00173,A00213,P0359,REQK0014,USERK0008,20260206,Panel,fail,
I00766,A00851,P0557,REQK0025,USERK0001,20260320,Technical,pending,4
I01082,A01204,P0255,REQK0022,USERK0006,20260315,Screen call,pending,4
I00163,A00201,P0404,REQK0005,USERK0008,20260421,Screen call,pass,3
I00325,A00380,P0375,REQK0020,USERK0007,20260716,Technical,pending,3
I00133,A00168,P0194,REQK0017,USERK0004,20260515,Culture,no_show,5
I00965,A01080,P0010,REQK0003,USERK0012,20251117,Technical,pending,2
I00030,A00045,P0410,REQK0006,USERK0006,20260404,System design,pass,4
I00437,A00505,P0355,REQK0014,USERK0003,20260618,System design,no_show,3
I00827,A00916,P0375,REQK0019,USERK0012,20260731,Technical,pass,5
I01271,A01449,P0142,REQK0007,USERK0008,20260605,System design,pass,2
I00078,A00108,P0208,REQK0025,USERK0008,20260524,System design,pass,3
I00369,A00414,P0353,REQK0001,USERK0005,20260531,Panel,pass,3
I00654,A00734,P0398,REQK0019,USERK0012,20260622,Technical,pass,
I01114,A01223,P0479,REQK0022,USERK0012,20260624,Screen call,no_show,5
I01244,A01415,P0516,REQK0014,USERK0008,20260527,Technical,pass,5
I00579,A00648,P0371,REQK0011,USERK0002,20251207,Panel,fail,2
I01034,A01155,P0372,REQK0012,USERK0008,20260320,Panel,no_show,3
I00526,A00601,P0103,REQK0020,USERK0010,20260621,Panel,fail,3
I01115,A01231,P0258,REQK0013,USERK0005,20260305,Culture,pending,5
I01068,A01195,P0337,REQK0005,USERK0003,20260718,Panel,pending,3
I00975,A01089,P0084,REQK0008,USERK0004,20260720,System design,pending,4
I01096,A01213,P0374,REQK0001,USERK0012,20260713,Panel,pass,
I01026,A01139,P0203,REQK0014,USERK0001,20260127,Technical,pass,4
I00783,A00870,P0214,REQK0018,USERK0004,20260528,System design,pass,3
I01137,A01263,P0167,REQK0026,USERK0004,20260724,Panel,pass,
I00031,A00046,P0016,REQK0003,USERK0007,20260102,Screen call,fail,2
I01156,A01279,P0224,REQK0015,USERK0011,20260704,Panel,pending,5
I00432,A00499,P0437,REQK0016,USERK0004,20260528,System design,pass,3
I01250,A01424,P0263,REQK0002,USERK0007,20260311,Screen call,no_show,4
I00885,A00979,P0408,REQK0016,USERK0006,20260530,System design,pending,
I01251,A01425,P0007,REQK0004,USERK0001,20260710,Screen call,no_show,2
I00992,A01105,P0034,REQK0002,USERK0004,20260628,Technical,no_show,2
I00118,A00145,P0282,REQK0008,USERK0012,20260514,Screen call,pass,3
I01191,A01334,P0018,REQK0016,USERK0001,20260228,Technical,pass,3
I00261,A00308,P0169,REQK0007,USERK0001,20260215,System design,pending,4
I00072,A00094,P0434,REQK0006,USERK0002,20260620,System design,fail,3
I00845,A00934,P0216,REQK0012,USERK0011,20260718,Technical,no_show,4
I00746,A00829,P0292,REQK0023,USERK0003,20260401,Culture,fail,5
I00449,A00517,P0537,REQK0007,USERK0004,20260107,Culture,fail,3
I00559,A00632,P0092,REQK0019,USERK0004,20260806,Technical,no_show,4
I00366,A00411,P0039,REQK0007,USERK0004,20260305,Screen call,pending,4
I00594,A00660,P0101,REQK0006,USERK0002,20260317,Panel,pass,4
I01117,A01233,P0515,REQK0022,USERK0010,20260224,Technical,fail,3
I00682,A00762,P0053,REQK0014,USERK0012,20260529,System design,no_show,
I00203,A00245,P0283,REQK0018,USERK0007,20260509,Culture,no_show,2
I00873,A00971,P0334,REQK0010,USERK0008,20260710,Panel,no_show,4
I00853,A00947,P0040,REQK0023,USERK0006,20260520,System design,pass,
I00815,A00901,P0549,REQK0011,USERK0012,20251016,System design,pass,4
I00943,A01044,P0392,REQK0005,USERK0007,20260608,Panel,pass,4
I00863,A00961,P0413,REQK0002,USERK0011,20260315,Culture,pending,5
I01217,A01366,P0141,REQK0015,USERK0002,20260629,Culture,pass,3
I00350,A00404,P0376,REQK0001,USERK0012,20260801,Culture,no_show,3
I00341,A00391,P0349,REQK0026,USERK0011,20260525,System design,pass,
I00825,A00913,P0030,REQK0006,USERK0008,20260508,Culture,no_show,4
I00999,A01112,P0361,REQK0021,USERK0009,20260522,System design,no_show,3
I00294,A00353,P0415,REQK0021,USERK0010,20260530,Culture,no_show,
I00989,A01104,P0169,REQK0004,USERK0001,20260609,System design,fail,
I00518,A00591,P0180,REQK0008,USERK0001,20260514,Screen call,pass,2
I00007,A00016,P0251,REQK0001,USERK0006,20260609,System design,pass,3
I00001,A00006,P0159,REQK0017,USERK0001,20260421,Panel,pass,4
I00283,A00334,P0378,REQK0006,USERK0001,20260527,System design,pass,5
I00268,A00314,P0215,REQK0016,USERK0002,20260703,Screen call,pending,3
I00421,A00483,P0156,REQK0013,USERK0006,20260303,System design,pass,
I00703,A00781,P0371,REQK0015,USERK0007,20260511,Culture,pending,2
I00407,A00460,P0280,REQK0025,USERK0002,20251001,Technical,pass,5
I00720,A00801,P0072,REQK0002,USERK0003,20251115,Screen call,fail,5
I00751,A00832,P0320,REQK0013,USERK0007,20260618,Panel,pass,4
I00229,A00275,P0438,REQK0008,USERK0005,20260625,System design,no_show,
I00356,A00408,P0361,REQK0007,USERK0008,20260614,Culture,pending,
I00810,A00897,P0127,REQK0026,USERK0002,20260612,System design,pass,4
I00929,A01031,P0190,REQK0009,USERK0007,20251212,Panel,pass,3
I00103,A00132,P0057,REQK0002,USERK0005,20260723,Panel,pass,3
I00431,A00499,P0437,REQK0016,USERK0008,20260525,System design,pass,
I00588,A00658,P0114,REQK0008,USERK0002,20260721,Screen call,pass,3
I00813,A00899,P0130,REQK0015,USERK0001,20260419,Panel,pending,2
I00767,A00851,P0557,REQK0025,USERK0006,20260323,Screen call,pass,3
I00822,A00909,P0048,REQK0022,USERK0002,20260325,System design,no_show,4
I00312,A00369,P0527,REQK0003,USERK0001,20260528,System design,no_show,5
I01054,A01182,P0174,REQK0017,USERK0001,20251223,Culture,no_show,3
I00899,A00994,P0538,REQK0003,USERK0004,20260113,Screen call,pending,5
I00046,A00062,P0470,REQK0019,USERK0012,20260530,Panel,no_show,3
I00756,A00838,P0213,REQK0024,USERK0001,20260529,Culture,fail,
I00076,A00103,P0336,REQK0018,USERK0004,20260606,Culture,pass,3
I00762,A00849,P0226,REQK0024,USERK0006,20260703,Panel,pass,3
I00707,A00785,P0382,REQK0013,USERK0006,20260726,Screen call,pending,4
I00146,A00185,P0074,REQK0014,USERK0010,20260104,Culture,pending,2
I00393,A00439,P0078,REQK0026,USERK0011,20260718,System design,pass,3
I00457,A00527,P0198,REQK0014,USERK0003,20260627,System design,pass,3
I00083,A00112,P0361,REQK0020,USERK0001,20260322,System design,pending,3
I00523,A00594,P0395,REQK0019,USERK0009,20260715,Technical,fail,4
I00318,A00376,P0293,REQK0002,USERK0006,20260422,Screen call,pass,3
I00491,A00565,P0248,REQK0013,USERK0003,20260512,System design,pass,3
I00424,A00484,P0143,REQK0006,USERK0006,20260608,Panel,pass,3
I00951,A01061,P0060,REQK0025,USERK0012,20260313,Technical,pass,
I00585,A00652,P0532,REQK0018,USERK0009,20260416,Technical,pass,2
I00168,A00203,P0232,REQK0013,USERK0009,20260328,Technical,fail,5
I00643,A00722,P0379,REQK0020,USERK0012,20260707,Culture,pass,3
I01230,A01394,P0309,REQK0006,USERK0012,20260602,Panel,pass,3
I00211,A00258,P0502,REQK0010,USERK0008,20260603,Screen call,fail,
I00473,A00547,P0344,REQK0008,USERK0008,20260715,Technical,pending,3
I00426,A00488,P0448,REQK0009,USERK0003,20260223,System design,fail,4
I00351,A00404,P0376,REQK0001,USERK0011,20260804,Culture,pending,3
