application_id,candidate_id,req_id,applied_at,current_stage,is_active
A00001,C00427,REQ-1004,2026-05-05 00:00:06,Withdrawn,false
A00002,C00350,REQ-1020,2026-07-08 17:59:52,Screen,true
A00003,C00027,REQ-1026,2026-05-25 03:19:09,Screen,false
A00004,C00335,REQ-1022,2026-05-28 08:27:58,Withdrawn,false
A00005,C00101,REQ-1017,2026-06-15 20:46:41,Withdrawn,false
A00006,C00109,REQ-1017,2026-03-13 06:56:58,Withdrawn,false
A00007,C00005,REQ-1022,2026-04-30 07:36:33,Withdrawn,false
A00008,C00211,REQ-1016,2026-03-30 04:28:52,Withdrawn,false
A00009,C00269,REQ-1018,2026-01-28 02:03:53,Offer,false
A00010,C00091,REQ-1012,2026-07-11 11:41:08,Withdrawn,false
A00011,C00199,REQ-1019,2026-05-10 03:21:15,Withdrawn,false
A00012,C00358,REQ-1011,2025-12-25 08:22:54,Rejected,false
A00013,C00196,REQ-1024,2026-06-26 10:24:14,Withdrawn,false
A00014,C00432,REQ-2037,2026-05-26 21:55:43,Offer,true
A00015,C00223,REQ-1019,2026-06-21 00:18:16,Offer,true
A00016,C00078,REQ-1001,2026-05-03 14:03:43,Rejected,false
A00017,C00093,REQ-1026,2026-04-19 20:40:26,Hired,false
A00018,C00245,REQ-1006,2026-05-23 14:06:40,Withdrawn,false
A00019,C00099,REQ-2060,2026-02-15 16:09:09,Rejected,false
A00020,C00187,REQ-1017,2026-01-17 00:54:50,Withdrawn,false
A00021,C00259,REQ-1002,2026-02-02 09:31:43,Interview,false
A00022,C00552,REQ-1016,2026-01-29 19:54:42,Rejected,false
A00023,C00570,REQ-1015,2026-07-07 20:51:10,Rejected,false
A00024,C00470,REQ-1003,2026-01-11 06:35:13,Withdrawn,false
A00025,C00550,REQ-1026,2026-04-23 06:13:16,Rejected,false
A00026,C00268,REQ-1009,2026-05-11 01:49:44,Rejected,false
A00027,C00410,REQ-1011,2026-04-10 08:08:08,Withdrawn,false
A00028,C00166,REQ-1011,2026-07-04 17:53:01,Screen,true
A00029,C00408,REQ-1014,2025-11-22 12:41:26,Hired,false
A00030,C00317,REQ-1019,2026-05-20 14:21:09,Withdrawn,false
A00031,C00570,REQ-1017,2026-02-26 20:08:00,Rejected,false
A00032,C00544,REQ-1021,2026-04-28 17:54:12,Rejected,false
A00033,C00537,REQ-1018,2026-05-15 11:26:04,Withdrawn,false
A00034,C00242,REQ-1001,2026-05-16 10:21:06,Hired,false
A00035,C00121,REQ-1019,2026-06-18 05:04:03,Rejected,false
A00036,C00151,REQ-1010,2026-05-10 20:59:44,Rejected,false
A00037,C00585,REQ-1019,2026-06-22 07:13:34,Screen,true
A00038,C00378,REQ-1003,2025-11-05 20:15:58,Offer,true
A00039,C00482,REQ-1015,2026-06-04 09:31:01,Offer,true
A00040,C00231,REQ-1011,2026-01-28 16:40:37,Withdrawn,false
A00041,C00472,REQ-1018,2026-04-26 19:05:53,Hired,false
A00042,C00323,REQ-1025,2026-03-17 01:27:52,Withdrawn,false
A00043,C00155,REQ-1018,2026-02-03 15:11:37,Withdrawn,false
A00044,C00177,REQ-1006,2026-01-26 13:12:54,Withdrawn,false
A00045,C00458,REQ-1006,2026-03-14 01:26:13,Offer,true
A00046,C00040,REQ-1003,2025-12-05 12:34:19,Rejected,false
A00047,C00561,REQ-1017,2026-06-29 04:45:16,Withdrawn,false
A00048,C00591,REQ-1020,2026-05-28 23:19:16,Withdrawn,false
A00049,C00019,REQ-1003,2026-06-05 03:35:05,Withdrawn,false
A00050,C00583,REQ-1016,2026-07-09 03:58:51,Offer,true
A00051,C00406,REQ-1005,2026-05-01 05:04:24,Withdrawn,false
A00052,C00455,REQ-1018,2026-04-19 17:54:15,Withdrawn,false
A00053,C00365,REQ-1013,2026-02-27 06:45:34,Withdrawn,false
A00054,C00593,REQ-1002,2026-02-12 11:45:03,Withdrawn,false
A00055,C00350,REQ-1023,2026-04-03 03:58:20,Hired,false
A00056,C00581,REQ-1015,2026-06-30 12:36:08,Withdrawn,false
A00057,C00037,REQ-1018,2026-07-02 02:46:26,Interview,true
A00058,C00435,REQ-1005,2026-04-01 13:56:01,Withdrawn,false
A00059,C00052,REQ-1007,2026-06-30 17:51:22,Rejected,false
A00060,C00318,REQ-1013,2026-02-12 20:26:44,Screen,false
A00061,C00376,REQ-1017,2026-02-11 07:39:00,Rejected,false
A00062,C00001,REQ-1019,2026-05-07 18:10:36,Hired,false
A00063,C00389,REQ-1008,2026-07-08 14:53:04,Interview,true
A00064,C00493,REQ-1022,2026-05-29 04:22:31,Withdrawn,false
A00065,C00471,REQ-1020,2026-03-19 23:50:07,Rejected,false
A00066,C00172,REQ-1023,2026-04-01 02:16:08,Rejected,false
A00067,C00578,REQ-1017,2026-03-07 02:33:59,Rejected,false
A00068,C00258,REQ-1004,2026-04-21 04:57:24,Offer,true
A00069,C00191,REQ-1017,2026-01-13 07:40:27,Withdrawn,false
A00070,C00583,REQ-1008,2026-04-05 06:09:11,Withdrawn,false
A00071,C00545,REQ-1020,2026-03-03 17:47:18,Rejected,false
A00072,C00132,REQ-1016,2026-03-19 03:48:23,Withdrawn,false
A00073,C00396,REQ-1015,2026-01-25 11:10:20,Hired,false
A00074,C00312,REQ-1018,2026-04-02 02:16:10,Withdrawn,false
A00075,C00068,REQ-1023,2026-04-03 20:16:21,Screen,false
A00076,C00028,REQ-1025,2026-06-14 02:31:45,Rejected,false
A00077,C00354,REQ-1015,2026-04-16 17:53:33,Withdrawn,false
A00078,C00319,REQ-1009,2026-05-14 22:57:56,Hired,false
A00079,C00270,REQ-1021,2026-05-09 21:33:21,Hired,false
A00080,C00056,REQ-1018,2026-05-01 10:36:19,Rejected,false
A00081,C00075,REQ-1015,2026-03-10 17:36:25,Withdrawn,false
A00082,C00387,REQ-1026,2026-04-17 22:26:56,Rejected,false
A00083,C00459,REQ-1012,2025-10-18 02:24:23,Rejected,false
A00084,C00116,REQ-1022,2025-10-29 16:10:24,Withdrawn,false
A00085,C00262,REQ-1019,2026-06-22 04:53:27,Screen,false
A00086,C00055,REQ-1020,2026-06-02 01:41:09,Rejected,false
A00087,C00217,REQ-1022,2026-01-11 13:01:58,Rejected,false
A00088,C00515,REQ-1018,2026-05-25 09:50:53,Offer,true
A00089,C00355,REQ-1008,2026-04-25 14:56:45,Rejected,false
A00090,C00270,REQ-1020,2026-04-05 13:25:20,Rejected,false
A00091,C00058,REQ-1014,2026-05-02 16:34:14,Rejected,false
A00092,C00089,REQ-1025,2026-05-29 17:05:00,Withdrawn,false
A00093,C00312,REQ-1021,2026-06-09 20:41:19,Withdrawn,false
A00094,C00256,REQ-1006,2026-06-04 13:25:08,Offer,false
A00095,C00241,REQ-1009,2025-11-09 01:28:11,Rejected,false
A00096,C00497,REQ-1003,2026-05-20 15:31:18,Rejected,false
A00097,C00368,REQ-1004,2026-06-20 20:13:44,Withdrawn,false
A00098,C00124,REQ-1014,2025-11-25 04:35:20,Screen,false
A00099,C00242,REQ-1006,2026-04-04 09:00:00,Withdrawn,false
A00100,C00051,REQ-1004,2026-05-29 04:35:15,Withdrawn,false
A00101,C00132,REQ-1026,2026-06-20 04:40:18,Interview,true
A00102,C00185,REQ-1019,2026-05-25 17:30:15,Withdrawn,false
A00103,C00453,REQ-1018,2026-04-30 06:01:29,Offer,true
A00104,C00588,REQ-1022,2025-12-01 10:24:01,Withdrawn,false
A00105,C00209,REQ-1025,2025-12-28 03:10:00,Rejected,false
A00106,C00016,REQ-1009,2025-12-28 12:01:30,Withdrawn,false
A00107,C00251,REQ-2097,2026-06-19 18:33:32,Withdrawn,false
A00108,C00593,REQ-1025,2026-04-20 15:24:50,Withdrawn,false
A00109,C00116,REQ-1007,2026-01-15 05:43:03,Withdrawn,false
A00110,C00208,REQ-1003,2025-10-20 11:41:32,Withdrawn,false
A00111,C00048,REQ-2087,2026-05-08 02:44:51,Withdrawn,false
A00112,C00293,REQ-1020,2026-03-08 18:06:01,Offer,false
A00113,C00596,REQ-1024,2026-05-25 21:25:21,Offer,true
A00114,C00475,REQ-1010,2026-03-18 23:14:56,Hired,false
A00115,C00506,REQ-1015,2026-06-13 23:01:04,Withdrawn,false
A00116,C00182,REQ-1005,2026-05-20 03:45:27,Rejected,false
A00117,C00162,REQ-1008,2026-05-25 13:30:45,Offer,true
A00118,C00452,REQ-1003,2025-12-03 23:42:21,Offer,true
A00119,C00020,REQ-1001,2026-05-27 21:24:30,Withdrawn,false
A00120,C00310,REQ-1002,2026-01-11 13:10:27,Rejected,false
A00121,C00044,REQ-1002,2026-06-19 08:30:01,Offer,true
A00122,C00059,REQ-1012,2026-01-03 18:28:38,Withdrawn,false
A00123,C00525,REQ-1005,2026-04-24 15:01:59,Withdrawn,false
A00124,C00005,REQ-1026,2026-06-11 11:56:51,Rejected,false
A00125,C00434,REQ-1004,2026-05-04 14:06:56,Hired,false
A00126,C00159,REQ-1006,2026-07-11 05:37:19,Withdrawn,false
A00127,C00059,REQ-1001,2026-06-21 18:46:28,Rejected,false
A00128,C00026,REQ-1016,2026-03-09 02:04:33,Withdrawn,false
A00129,C00113,REQ-1006,2026-06-29 13:21:34,Screen,true
A00130,C00583,REQ-1013,2026-04-24 07:54:53,Withdrawn,false
A00131,C00545,REQ-1023,2026-03-09 03:49:38,Withdrawn,false
A00132,C00440,REQ-1002,2026-06-17 01:49:53,Interview,true
A00133,C00219,REQ-2019,2026-02-14 08:07:14,Hired,false
A00134,C00224,REQ-1007,2026-06-27 07:37:50,Rejected,false
A00135,C00111,REQ-1011,2025-11-10 06:59:19,Interview,true
A00136,C00115,REQ-1015,2026-03-05 10:19:04,Withdrawn,false
A00137,C00025,REQ-1012,2026-07-09 13:13:12,Interview,true
A00138,C00113,REQ-1003,2026-04-06 10:48:13,Hired,false
A00139,C00496,REQ-1022,2026-06-19 13:49:08,Interview,true
A00140,C00155,REQ-1006,2026-01-18 14:46:23,Rejected,false
A00141,C00467,REQ-1011,2026-05-03 13:12:37,Rejected,false
A00142,C00127,REQ-1010,2026-06-02 18:31:14,Rejected,false
A00143,C00317,REQ-2012,2026-06-06 15:12:42,Offer,true
A00144,C00429,REQ-1008,2026-06-27 12:17:51,Withdrawn,false
A00145,C00064,REQ-1008,2026-04-21 13:50:11,Hired,false
A00146,C00325,REQ-1003,2026-02-04 01:50:39,Withdrawn,false
A00147,C00180,REQ-1012,2025-09-27 03:59:50,Rejected,false
A00148,C00587,REQ-1012,2025-10-06 04:02:56,Withdrawn,false
A00149,C00014,REQ-1015,2026-05-03 17:51:40,Rejected,false
A00150,C00499,REQ-1022,2025-10-18 23:36:03,Withdrawn,false
A00151,C00254,REQ-1011,2026-05-23 17:39:05,Offer,true
A00152,C00590,REQ-1017,2026-05-07 11:29:21,Rejected,false
A00153,C00105,REQ-1013,2026-04-25 17:20:20,Rejected,false
A00154,C00262,REQ-1021,2026-06-03 05:56:35,Interview,false
A00155,C00470,REQ-1020,2026-06-26 19:02:09,Rejected,false
A00156,C00585,REQ-1003,2026-04-01 11:27:32,Rejected,false
A00157,C00165,REQ-1008,2026-05-31 21:10:14,Withdrawn,false
A00158,C00013,REQ-1017,2026-05-30 18:41:30,Hired,false
A00159,C00117,REQ-1006,2026-05-27 15:41:45,Hired,false
A00160,C00199,REQ-1006,2026-05-23 20:28:29,Withdrawn,false
A00161,C00311,REQ-1019,2026-05-29 22:36:51,Withdrawn,false
A00162,C00062,REQ-1003,2025-11-07 07:53:04,Hired,false
A00163,C00049,REQ-1016,2026-04-27 14:50:57,Withdrawn,false
A00164,C00518,REQ-1025,2025-10-31 23:23:18,Rejected,false
A00165,C00281,REQ-1025,2026-01-06 21:15:48,Withdrawn,false
A00166,C00383,REQ-1018,2025-12-14 19:22:24,Withdrawn,false
A00167,C00253,REQ-1006,2026-01-25 01:06:16,Withdrawn,false
A00168,C00495,REQ-1017,2026-04-08 09:40:38,Offer,true
A00169,C00265,REQ-1024,2026-04-28 18:59:16,Rejected,false
A00170,C00474,REQ-1022,2026-04-07 12:14:49,Hired,false
A00171,C00442,REQ-1018,2026-03-11 07:33:36,Withdrawn,false
A00172,C00361,REQ-1003,2026-05-12 20:36:32,Withdrawn,false
A00173,C00571,REQ-1006,2026-01-30 17:17:40,Rejected,false
A00174,C00374,REQ-1017,2026-03-10 08:36:37,Withdrawn,false
A00175,C00168,REQ-1008,2026-04-28 07:44:08,Rejected,false
A00176,C00168,REQ-1023,2026-05-18 17:53:42,Withdrawn,false
A00177,C00338,REQ-1007,2026-06-14 00:36:44,Rejected,false
A00178,C00137,REQ-1022,2026-05-30 06:20:29,Rejected,false
A00179,C00413,REQ-1008,2026-07-02 20:23:03,Rejected,false
A00180,C00159,REQ-1012,2026-05-06 04:17:53,Rejected,false
A00181,C00320,REQ-1023,2026-03-28 03:45:22,Withdrawn,false
A00182,C00101,REQ-1007,2026-04-04 15:22:58,Rejected,false
A00183,C00429,REQ-1004,2026-04-28 14:02:24,Hired,false
A00184,C00042,REQ-1017,2026-04-10 03:32:51,Withdrawn,false
A00185,C00434,REQ-1014,2025-12-24 09:03:19,Hired,false
A00186,C00321,REQ-1024,2026-06-16 03:14:54,Withdrawn,false
A00187,C00218,REQ-1012,2026-05-30 14:38:26,Hired,false
A00188,C00071,REQ-1022,2026-01-13 03:43:35,Withdrawn,false
A00189,C00308,REQ-1003,2026-06-09 12:36:31,Withdrawn,false
A00190,C00085,REQ-1023,2026-04-21 10:25:55,Rejected,false
A00191,C00341,REQ-1018,2025-12-30 11:31:18,Rejected,false
A00192,C00122,REQ-1015,2026-05-02 21:08:33,Withdrawn,false
A00193,C00131,REQ-1019,2026-05-05 15:15:45,Withdrawn,false
A00194,C00099,REQ-1007,2026-04-25 03:06:25,Withdrawn,false
A00195,C00230,REQ-1026,2026-04-19 12:03:44,Withdrawn,false
A00196,C00027,REQ-1009,2026-04-06 13:48:04,Rejected,false
A00197,C00130,REQ-1011,2025-11-13 05:56:11,Withdrawn,false
A00198,C00278,REQ-1006,2026-01-15 13:13:56,Withdrawn,false
A00199,C00133,REQ-1012,2025-11-25 21:54:57,Rejected,false
A00200,C00141,REQ-1003,2026-06-17 22:59:32,Offer,true
A00201,C00155,REQ-1005,2026-03-26 11:05:50,Withdrawn,false
A00202,C00406,REQ-1017,2026-03-28 07:59:05,Withdrawn,false
A00203,C00296,REQ-1013,2026-02-10 11:15:03,Withdrawn,false
A00204,C00331,REQ-1001,2026-05-19 03:57:57,Rejected,false
A00205,C00601,REQ-1022,2026-04-01 09:58:07,Offer,true
A00206,C00452,REQ-1007,2025-11-13 07:59:55,Rejected,false
A00207,C00492,REQ-1025,2026-02-21 14:07:39,Withdrawn,false
A00208,C00152,REQ-1016,2026-06-11 17:49:27,Interview,false
A00209,C00215,REQ-1022,2025-12-21 09:42:19,Withdrawn,false
A00210,C00444,REQ-1011,2026-02-11 05:52:47,Withdrawn,false
A00211,C00600,REQ-1026,2026-05-05 05:59:17,Withdrawn,false
A00212,C00088,REQ-1014,2025-11-24 01:00:05,Withdrawn,false
A00213,C00405,REQ-1014,2026-01-13 20:18:56,Hired,false
A00214,C00159,REQ-1001,2026-07-02 14:16:27,Offer,true
A00215,C00379,REQ-1007,2025-12-25 10:37:38,Rejected,false
A00216,C00407,REQ-1003,2026-01-25 22:38:33,Screen,false
A00217,C00007,REQ-1003,2026-07-09 10:24:02,Rejected,false
A00218,C00443,REQ-1026,2026-05-15 16:18:35,Interview,false
A00219,C00190,REQ-1018,2026-04-14 06:01:39,Offer,true
A00220,C00248,REQ-1022,2025-12-29 06:50:10,Rejected,false
A00221,C00089,REQ-1010,2026-04-01 12:27:33,Rejected,false
A00222,C00556,REQ-1008,2026-04-06 20:34:46,Withdrawn,false
A00223,C00439,REQ-1001,2026-06-11 00:47:01,Offer,true
A00224,C00361,REQ-1001,2026-05-05 06:38:02,Rejected,false
A00225,C00224,REQ-1004,2026-07-08 17:10:07,Withdrawn,false
A00226,C00387,REQ-1017,2026-03-30 06:44:47,Rejected,false
A00227,C00573,REQ-1009,2026-06-07 09:59:12,Withdrawn,false
A00228,C00361,REQ-1019,2026-06-11 15:42:10,Offer,true
A00229,C00434,REQ-1021,2026-07-05 07:48:55,Withdrawn,false
A00230,C00272,REQ-1023,2026-07-11 00:40:20,Screen,true
A00231,C00320,REQ-1024,2026-05-16 08:09:26,Rejected,false
A00232,C00267,REQ-1024,2026-05-15 07:55:06,Rejected,false
A00233,C00242,REQ-1001,2026-05-17 23:02:32,Rejected,false
A00234,C00210,REQ-1005,2026-04-08 08:55:39,Hired,false
A00235,C00167,REQ-1016,2026-05-27 03:06:47,Withdrawn,false
A00236,C00436,REQ-1014,2026-05-24 01:56:38,Rejected,false
A00237,C00303,REQ-1001,2026-06-07 20:25:47,Rejected,false
A00238,C00457,REQ-1025,2026-04-04 18:24:04,Withdrawn,false
A00239,C00174,REQ-1001,2026-05-16 18:04:51,Hired,false
A00240,C00568,REQ-1019,2026-05-27 14:18:56,Withdrawn,false
A00241,C00382,REQ-2028,2026-07-02 12:57:28,Interview,true
A00242,C00283,REQ-1021,2026-04-21 12:34:06,Withdrawn,false
A00243,C00393,REQ-1026,2026-05-13 04:20:29,Withdrawn,false
A00244,C00057,REQ-1022,2026-02-10 01:18:17,Withdrawn,false
A00245,C00512,REQ-1018,2026-03-31 15:43:04,Hired,false
A00246,C00560,REQ-1007,2026-02-18 07:29:42,Hired,false
A00247,C00449,REQ-1025,2026-01-02 23:30:42,Hired,false
A00248,C00389,REQ-1023,2026-04-04 02:04:30,Rejected,false
A00249,C00069,REQ-2090,2026-02-01 19:17:54,Hired,false
A00250,C00095,REQ-1004,2026-05-27 20:24:03,Withdrawn,false
A00251,C00376,REQ-1025,2025-12-29 20:13:09,Withdrawn,false
A00252,C00025,REQ-1022,2026-02-18 11:43:10,Rejected,false
A00253,C00093,REQ-1020,2026-06-05 04:18:30,Hired,false
A00254,C00452,REQ-1011,2025-12-15 13:46:18,Withdrawn,false
A00255,C00501,REQ-1011,2026-03-15 10:07:09,Rejected,false
A00256,C00420,REQ-1022,2026-06-19 05:02:59,Withdrawn,false
A00257,C00051,REQ-1008,2026-04-24 09:13:00,Rejected,false
A00258,C00185,REQ-1010,2026-04-23 05:02:52,Rejected,false
A00259,C00256,REQ-1024,2026-04-29 21:14:58,Rejected,false
A00260,C00556,REQ-1004,2026-06-27 01:22:42,Withdrawn,false
A00261,C00184,REQ-1004,2026-06-28 14:53:53,Rejected,false
A00262,C00131,REQ-1016,2026-04-19 13:05:55,Rejected,false
A00263,C00245,REQ-2032,2026-02-22 06:30:12,Offer,true
A00264,C00228,REQ-1022,2025-11-08 15:53:26,Hired,false
A00265,C00430,REQ-1001,2026-05-20 16:39:21,Rejected,false
A00266,C00028,REQ-1008,2026-04-04 19:39:15,Withdrawn,false
A00267,C00198,REQ-1005,2026-06-07 04:08:49,Rejected,false
A00268,C00264,REQ-1011,2025-12-16 11:51:03,Withdrawn,false
A00269,C00264,REQ-1022,2026-03-14 12:51:31,Offer,true
A00270,C00575,REQ-1006,2026-04-29 05:16:09,Hired,false
A00271,C00094,REQ-1022,2026-07-04 15:34:39,Withdrawn,false
A00272,C00040,REQ-1015,2026-04-18 20:58:16,Hired,false
A00273,C00023,REQ-1017,2026-02-04 12:19:00,Withdrawn,false
A00274,C00428,REQ-1004,2026-04-21 06:16:10,Hired,false
A00275,C00129,REQ-1008,2026-06-16 04:27:42,Rejected,false
A00276,C00311,REQ-1002,2025-11-14 14:30:54,Offer,false
A00277,C00168,REQ-1021,2026-06-03 12:01:19,Withdrawn,false
A00278,C00021,REQ-1004,2026-06-27 14:09:13,Rejected,false
A00279,C00419,REQ-1026,2026-04-27 20:23:09,Rejected,false
A00280,C00284,REQ-1016,2026-04-27 08:51:51,Withdrawn,false
A00281,C00446,REQ-1024,2026-05-07 21:25:51,Offer,true
A00282,C00238,REQ-1016,2026-02-01 19:24:42,Offer,true
A00283,C00352,REQ-1012,2026-05-10 10:41:23,Withdrawn,false
A00284,C00419,REQ-1009,2026-06-01 17:14:44,Interview,true
A00285,C00016,REQ-1003,2026-03-17 17:13:43,Withdrawn,false
A00286,C00499,REQ-1025,2026-06-12 00:49:20,Withdrawn,false
A00287,C00595,REQ-1018,2026-05-10 15:49:01,Withdrawn,false
A00288,C00573,REQ-1015,2026-05-06 05:44:43,Withdrawn,false
A00289,C00091,REQ-1026,2026-05-08 17:26:33,Withdrawn,false
A00290,C00223,REQ-1021,2026-06-13 15:27:22,Offer,true
A00291,C00532,REQ-1014,2025-11-11 01:06:16,Withdrawn,false
A00292,C00327,REQ-1018,2026-04-25 18:09:31,Rejected,false
A00293,C00022,REQ-1004,2026-05-27 09:03:34,Offer,true
A00294,C00163,REQ-1018,2026-01-19 13:25:49,Screen,false
A00295,C00110,REQ-1007,2026-04-20 15:11:29,Hired,false
A00296,C00568,REQ-1024,2026-06-09 19:51:09,Rejected,false
A00297,C00022,REQ-1004,2026-04-15 12:36:07,Rejected,false
A00298,C00087,REQ-1013,2026-01-12 18:48:11,Hired,false
A00299,C00514,REQ-1023,2026-03-31 21:27:30,Rejected,false
A00300,C00050,REQ-1018,2026-06-16 00:57:50,Rejected,false
A00301,C00158,REQ-1023,2026-03-26 16:01:22,Rejected,false
A00302,C00365,REQ-1019,2026-05-07 12:32:12,Withdrawn,false
A00303,C00272,REQ-1017,2026-04-27 22:31:59,Withdrawn,false
A00304,C00216,REQ-1004,2026-05-07 09:44:23,Withdrawn,false
A00305,C00127,REQ-1012,2026-01-20 00:32:08,Withdrawn,false
A00306,C00558,REQ-1014,2026-05-20 00:03:31,Screen,false
A00307,C00106,REQ-1010,2026-05-22 00:14:56,Offer,true
A00308,C00203,REQ-1007,2026-01-15 20:08:45,Offer,false
A00309,C00166,REQ-1007,2025-11-27 16:48:26,Withdrawn,false
A00310,C00442,REQ-1023,2026-05-31 16:46:10,Withdrawn,false
A00311,C00027,REQ-1006,2026-06-11 05:29:16,Withdrawn,false
A00312,C00131,REQ-1005,2026-04-19 11:52:39,Rejected,false
A00313,C00165,REQ-1011,2025-11-03 15:57:05,Screen,false
A00314,C00202,REQ-1016,2026-06-08 12:03:15,Interview,true
A00315,C00367,REQ-1013,2026-01-10 04:54:50,Rejected,false
A00316,C00075,REQ-1006,2026-06-26 21:28:03,Withdrawn,false
A00317,C00517,REQ-1024,2026-05-18 07:20:57,Withdrawn,false
A00318,C00233,REQ-1022,2026-04-04 04:21:08,Rejected,false
A00319,C00465,REQ-1015,2026-02-18 14:17:52,Hired,false
A00320,C00251,REQ-1001,2026-05-22 01:30:16,Rejected,false
A00321,C00352,REQ-1025,2025-11-04 04:09:56,Interview,true
A00322,C00416,REQ-1019,2026-07-11 14:42:21,Offer,true
A00323,C00403,REQ-1022,2025-12-01 01:18:06,Withdrawn,false
A00324,C00367,REQ-1019,2026-07-07 15:13:53,Withdrawn,false
A00325,C00583,REQ-1015,2026-05-31 02:28:16,Offer,true
A00326,C00489,REQ-1025,2025-11-05 15:44:20,Withdrawn,false
A00327,C00140,REQ-1012,2026-03-01 14:57:26,Offer,true
A00328,C00399,REQ-1026,2026-06-26 09:27:34,Screen,false
A00329,C00277,REQ-1015,2026-07-01 09:48:00,Offer,true
A00330,C00258,REQ-1002,2026-02-10 13:08:31,Withdrawn,false
A00331,C00140,REQ-1024,2026-06-22 02:18:13,Offer,true
A00332,C00473,REQ-1012,2025-10-16 14:24:17,Withdrawn,false
A00333,C00307,REQ-1020,2026-06-17 11:37:50,Rejected,false
A00334,C00106,REQ-1006,2026-04-28 16:39:38,Hired,false
A00335,C00144,REQ-1007,2025-10-23 19:07:04,Hired,false
A00336,C00531,REQ-1004,2026-07-05 21:36:58,Withdrawn,false
A00337,C00300,REQ-1005,2026-04-29 00:17:01,Rejected,false
A00338,C00564,REQ-1006,2026-07-02 21:15:03,Withdrawn,false
A00339,C00422,REQ-1023,2026-07-09 07:33:49,Rejected,false
A00340,C00550,REQ-1010,2026-03-18 18:19:50,Offer,false
A00341,C00231,REQ-1019,2026-05-18 03:57:24,Rejected,false
A00342,C00375,REQ-1014,2026-04-19 20:23:48,Withdrawn,false
A00343,C00389,REQ-1001,2026-05-02 06:00:51,Rejected,false
A00344,C00168,REQ-1023,2026-03-11 17:47:08,Interview,true
A00345,C00118,REQ-1013,2026-03-30 02:56:17,Rejected,false
A00346,C00491,REQ-1017,2026-04-12 10:37:03,Withdrawn,false
A00347,C00010,REQ-1026,2026-06-05 21:57:55,Rejected,false
A00348,C00536,REQ-1003,2026-03-27 12:02:59,Rejected,false
A00349,C00323,REQ-1004,2026-05-31 08:07:31,Rejected,false
A00350,C00113,REQ-1002,2026-06-08 15:07:21,Rejected,false
A00351,C00148,REQ-1017,2026-03-17 07:16:29,Hired,false
A00352,C00059,REQ-2021,2026-05-19 23:08:24,Withdrawn,false
A00353,C00396,REQ-1021,2026-05-21 07:34:19,Rejected,false
A00354,C00399,REQ-1023,2026-03-12 20:16:45,Withdrawn,false
A00355,C00269,REQ-1007,2026-02-17 15:27:08,Rejected,false
A00356,C00208,REQ-1010,2026-04-28 21:36:17,Withdrawn,false
A00357,C00575,REQ-1017,2026-05-29 21:11:35,Rejected,false
A00358,C00143,REQ-1012,2025-10-12 04:48:26,Hired,false
A00359,C00167,REQ-1006,2026-04-29 13:31:27,Rejected,false
A00360,C00159,REQ-1013,2026-02-13 16:36:05,Rejected,false
A00361,C00565,REQ-1026,2026-07-02 16:05:52,Screen,true
A00362,C00105,REQ-1015,2026-06-09 23:22:35,Withdrawn,false
A00363,C00351,REQ-1023,2026-03-12 23:18:34,Withdrawn,false
A00364,C00420,REQ-1010,2026-06-23 13:38:41,Withdrawn,false
A00365,C00565,REQ-1006,2026-06-13 19:31:01,Withdrawn,false
A00366,C00192,REQ-1019,2026-06-30 08:37:13,Withdrawn,false
A00367,C00478,REQ-1025,2025-12-17 12:14:40,Withdrawn,false
A00368,C00410,REQ-1018,2026-01-27 20:22:19,Withdrawn,false
A00369,C00368,REQ-1003,2026-04-29 03:49:25,Rejected,false
A00370,C00425,REQ-1015,2026-01-25 19:53:23,Withdrawn,false
A00371,C00344,REQ-1025,2025-11-09 13:21:13,Rejected,false
A00372,C00085,REQ-1025,2025-11-23 08:06:57,Rejected,false
A00373,C00295,REQ-1007,2025-11-23 18:32:50,Rejected,false
A00374,C00034,REQ-1013,2026-04-04 14:50:43,Withdrawn,false
A00375,C00587,REQ-1018,2025-12-26 00:53:12,Rejected,false
A00376,C00358,REQ-1002,2026-04-01 05:25:31,Withdrawn,false
A00377,C00052,REQ-1006,2026-01-11 15:54:46,Rejected,false
A00378,C00391,REQ-1013,2026-03-18 22:53:34,Withdrawn,false
A00379,C00561,REQ-1025,2025-12-21 22:30:33,Rejected,false
A00380,C00518,REQ-1020,2026-06-19 13:02:30,Rejected,false
A00381,C00193,REQ-1017,2026-05-04 03:19:53,Hired,false
A00382,C00572,REQ-1018,2026-02-26 05:03:40,Interview,true
A00383,C00156,REQ-1004,2026-04-26 06:51:03,Rejected,false
A00384,C00165,REQ-1023,2026-03-05 10:50:51,Rejected,false
A00385,C00358,REQ-1002,2026-02-08 05:33:50,Rejected,false
A00386,C00577,REQ-1020,2026-06-26 16:20:07,Offer,true
A00387,C00437,REQ-1014,2026-04-19 18:57:13,Rejected,false
A00388,C00177,REQ-1026,2026-06-23 05:06:37,Interview,true
A00389,C00004,REQ-1012,2026-06-14 01:36:45,Offer,true
A00390,C00305,REQ-1003,2026-06-05 17:51:04,Offer,true
A00391,C00474,REQ-1026,2026-04-15 13:28:31,Rejected,false
A00392,C00004,REQ-1023,2026-04-05 05:21:25,Withdrawn,false
A00393,C00298,REQ-1009,2025-11-19 15:05:27,Rejected,false
A00394,C00483,REQ-1009,2025-11-03 18:51:15,Hired,false
A00395,C00254,REQ-1007,2025-10-10 14:22:40,Interview,false
A00396,C00278,REQ-1020,2026-05-05 09:42:06,Withdrawn,false
A00397,C00593,REQ-1006,2026-02-18 09:19:13,Withdrawn,false
A00398,C00554,REQ-1014,2026-02-16 22:25:27,Hired,false
A00399,C00486,REQ-1024,2026-05-30 18:15:20,Withdrawn,false
A00400,C00339,REQ-1026,2026-04-30 02:46:26,Withdrawn,false
A00401,C00320,REQ-1011,2025-10-04 15:05:37,Withdrawn,false
A00402,C00163,REQ-1022,2025-10-12 21:02:02,Rejected,false
A00403,C00487,REQ-1022,2026-03-25 16:45:17,Rejected,false
A00404,C00075,REQ-1001,2026-07-09 20:24:13,Interview,true
A00405,C00586,REQ-1020,2026-05-13 17:31:36,Hired,false
A00406,C00170,REQ-1021,2026-05-08 09:12:17,Rejected,false
A00407,C00464,REQ-1023,2026-05-14 07:53:33,Withdrawn,false
A00408,C00293,REQ-1007,2026-05-06 15:07:43,Offer,false
A00409,C00052,REQ-1024,2026-06-10 14:57:37,Rejected,false
A00410,C00295,REQ-1014,2026-03-27 20:42:22,Hired,false
A00411,C00238,REQ-1007,2026-01-29 07:30:27,Offer,true
A00412,C00311,REQ-1014,2026-06-14 15:57:27,Withdrawn,false
A00413,C00260,REQ-1004,2026-05-26 02:09:30,Withdrawn,false
A00414,C00511,REQ-1001,2026-05-06 03:27:49,Hired,false
A00415,C00526,REQ-1003,2026-06-17 10:19:24,Rejected,false
A00416,C00510,REQ-1008,2026-05-25 11:50:23,Withdrawn,false
A00417,C00342,REQ-1011,2026-03-11 18:13:48,Hired,false
A00418,C00357,REQ-1023,2026-05-03 20:29:29,Rejected,false
A00419,C00183,REQ-1017,2025-12-04 19:40:43,Rejected,false
A00420,C00474,REQ-1018,2026-02-10 07:51:24,Rejected,false
A00421,C00471,REQ-1017,2025-12-27 05:20:35,Rejected,false
A00422,C00121,REQ-1001,2026-06-26 04:21:25,Offer,true
A00423,C00162,REQ-1007,2026-03-01 16:52:57,Withdrawn,false
A00424,C00547,REQ-1022,2025-10-17 17:04:23,Withdrawn,false
A00425,C00220,REQ-1024,2026-05-09 10:21:04,Withdrawn,false
A00426,C00455,REQ-1025,2026-04-12 04:53:27,Offer,true
A00427,C00574,REQ-1004,2026-07-01 07:38:28,Screen,false
A00428,C00575,REQ-1023,2026-05-20 21:10:11,Withdrawn,false
A00429,C00013,REQ-1014,2026-07-01 07:38:26,Rejected,false
A00430,C00565,REQ-1007,2026-03-14 20:37:54,Withdrawn,false
A00431,C00006,REQ-1021,2026-05-01 18:24:46,Withdrawn,false
A00432,C00135,REQ-1016,2026-04-07 14:38:27,Withdrawn,false
A00433,C00088,REQ-1021,2026-05-10 15:24:28,Withdrawn,false
A00434,C00597,REQ-1018,2026-06-26 06:38:25,Screen,true
A00435,C00577,REQ-1008,2026-07-11 06:53:20,Screen,true
A00436,C00388,REQ-1022,2025-11-05 22:50:07,Rejected,false
A00437,C00404,REQ-1011,2026-01-25 16:42:40,Offer,false
A00438,C00354,REQ-1022,2025-12-07 23:41:26,Hired,false
A00439,C00084,REQ-1026,2026-06-19 23:32:37,Offer,true
A00440,C00440,REQ-1019,2026-06-12 13:34:41,Screen,false
A00441,C00345,REQ-2036,2026-03-02 08:27:58,Hired,false
A00442,C00153,REQ-1007,2026-03-31 14:04:49,Withdrawn,false
A00443,C00421,REQ-1010,2026-06-30 22:44:52,Rejected,false
A00444,C00284,REQ-1026,2026-05-26 08:04:12,Withdrawn,false
A00445,C00122,REQ-1017,2026-01-14 10:59:37,Rejected,false
A00446,C00074,REQ-1004,2026-06-22 19:57:48,Withdrawn,false
A00447,C00188,REQ-1012,2025-11-19 01:57:12,Withdrawn,false
A00448,C00163,REQ-1025,2026-06-01 22:39:09,Withdrawn,false
A00449,C00437,REQ-1007,2025-10-17 00:28:29,Withdrawn,false
A00450,C00149,REQ-1026,2026-04-26 03:38:47,Withdrawn,false
A00451,C00458,REQ-1002,2026-04-07 10:50:38,Hired,false
A00452,C00405,REQ-1017,2026-06-14 01:05:12,Offer,true
A00453,C00571,REQ-1024,2026-07-07 21:53:43,Rejected,false
A00454,C00118,REQ-1006,2026-04-27 10:43:32,Withdrawn,false
A00455,C00275,REQ-1006,2026-04-30 21:49:03,Rejected,false
A00456,C00248,REQ-1012,2025-11-01 11:47:24,Withdrawn,false
A00457,C00459,REQ-1022,2026-05-11 22:52:14,Hired,false
A00458,C00265,REQ-1024,2026-06-22 13:24:39,Interview,false
A00459,C00079,REQ-1014,2026-01-09 21:41:35,Withdrawn,false
A00460,C00560,REQ-1025,2025-09-18 15:47:13,Interview,false
A00461,C00410,REQ-1006,2026-04-27 10:36:18,Withdrawn,false
A00462,C00477,REQ-1022,2026-03-14 07:41:00,Offer,true
A00463,C00214,REQ-1023,2026-06-05 05:41:10,Withdrawn,false
A00464,C00371,REQ-1003,2025-12-14 19:44:34,Rejected,false
A00465,C00308,REQ-1007,2026-05-03 02:14:05,Rejected,false
A00466,C00070,REQ-2093,2026-02-07 19:24:04,Hired,false
A00467,C00074,REQ-1002,2025-11-26 15:43:54,Rejected,false
A00468,C00439,REQ-1003,2025-11-26 12:37:24,Offer,true
A00469,C00428,REQ-1007,2026-06-27 14:20:51,Rejected,false
A00470,C00475,REQ-1009,2026-03-30 17:30:17,Rejected,false
A00471,C00473,REQ-1012,2026-04-04 05:35:00,Rejected,false
A00472,C00063,REQ-1002,2026-03-07 05:23:02,Withdrawn,false
A00473,C00197,REQ-1007,2026-04-09 06:51:28,Rejected,false
A00474,C00341,REQ-1012,2026-04-07 22:43:53,Rejected,false
A00475,C00444,REQ-1010,2026-05-30 09:18:02,Offer,true
A00476,C00035,REQ-1025,2025-10-01 06:00:11,Rejected,false
A00477,C00388,REQ-1021,2026-06-18 13:08:29,Withdrawn,false
A00478,C00355,REQ-1007,2025-09-19 06:37:23,Withdrawn,false
A00479,C00576,REQ-1009,2026-02-23 23:22:18,Withdrawn,false
A00480,C00268,REQ-1016,2026-06-30 06:00:26,Withdrawn,false
A00481,C00093,REQ-1014,2025-12-14 21:01:18,Rejected,false
A00482,C00114,REQ-1015,2026-01-24 13:00:15,Rejected,false
A00483,C00446,REQ-1013,2026-02-22 16:09:20,Rejected,false
A00484,C00482,REQ-1006,2026-05-16 05:50:59,Withdrawn,false
A00485,C00199,REQ-1006,2026-04-09 06:35:16,Hired,false
A00486,C00127,REQ-1008,2026-05-02 07:41:50,Rejected,false
A00487,C00366,REQ-1003,2025-12-31 14:34:31,Rejected,false
A00488,C00158,REQ-1009,2026-01-20 21:38:11,Offer,true
A00489,C00557,REQ-1019,2026-06-10 22:03:07,Hired,false
A00490,C00479,REQ-1024,2026-07-06 14:19:33,Screen,true
A00491,C00435,REQ-1012,2026-01-08 07:54:25,Withdrawn,false
A00492,C00380,REQ-1021,2026-05-25 19:12:57,Rejected,false
A00493,C00372,REQ-1023,2026-06-12 19:04:14,Offer,true
A00494,C00284,REQ-1018,2026-04-19 20:36:25,Withdrawn,false
A00495,C00160,REQ-1005,2026-06-25 14:17:58,Withdrawn,false
A00496,C00024,REQ-1003,2025-12-29 10:08:42,Withdrawn,false
A00497,C00222,REQ-1015,2026-05-19 21:57:58,Withdrawn,false
A00498,C00312,REQ-1016,2026-02-26 23:11:44,Withdrawn,false
A00499,C00004,REQ-1016,2026-05-03 16:37:12,Rejected,false
A00500,C00560,REQ-1024,2026-05-16 22:48:48,Rejected,false
A00501,C00161,REQ-1008,2026-05-07 22:26:47,Rejected,false
A00502,C00034,REQ-1024,2026-06-15 05:46:41,Rejected,false
A00503,C00419,REQ-1010,2026-03-31 21:54:56,Withdrawn,false
A00504,C00067,REQ-1011,2025-12-06 17:05:35,Rejected,false
A00505,C00123,REQ-1014,2026-05-26 22:16:22,Withdrawn,false
A00506,C00395,REQ-1023,2026-04-16 23:31:27,Rejected,false
A00507,C00304,REQ-1024,2026-06-17 02:30:39,Withdrawn,false
A00508,C00543,REQ-1011,2026-05-11 07:24:48,Withdrawn,false
A00509,C00319,REQ-1017,2026-04-01 12:21:45,Rejected,false
A00510,C00460,REQ-1018,2026-03-02 07:23:46,Withdrawn,false
A00511,C00288,REQ-1012,2025-12-09 07:21:38,Hired,false
A00512,C00508,REQ-1023,2026-02-28 22:50:11,Rejected,false
A00513,C00386,REQ-1004,2026-04-22 09:24:16,Withdrawn,false
A00514,C00168,REQ-1003,2026-06-10 06:27:26,Withdrawn,false
A00515,C00293,REQ-1013,2026-06-30 18:30:49,Withdrawn,false
A00516,C00561,REQ-1006,2026-07-02 11:23:29,Rejected,false
A00517,C00505,REQ-1007,2025-12-04 21:19:49,Rejected,false
A00518,C00322,REQ-1013,2026-05-20 07:40:19,Withdrawn,false
A00519,C00264,REQ-1015,2026-03-31 16:03:11,Withdrawn,false
A00520,C00128,REQ-1011,2025-10-29 11:55:08,Rejected,false
A00521,C00026,REQ-1023,2026-03-22 22:29:14,Withdrawn,false
A00522,C00368,REQ-1011,2026-03-11 01:17:27,Offer,true
A00523,C00248,REQ-1001,2026-06-22 20:08:20,Offer,true
A00524,C00321,REQ-1020,2026-05-15 03:11:55,Withdrawn,false
A00525,C00279,REQ-1025,2026-04-22 04:52:38,Offer,false
A00526,C00092,REQ-1012,2026-02-03 04:04:33,Withdrawn,false
A00527,C00465,REQ-1014,2026-06-01 02:55:54,Withdrawn,false
A00528,C00410,REQ-1017,2026-02-27 03:26:35,Rejected,false
A00529,C00306,REQ-1019,2026-05-24 18:55:25,Withdrawn,false
A00530,C00378,REQ-1010,2026-03-06 06:56:46,Hired,false
A00531,C00569,REQ-1006,2026-04-26 19:04:54,Rejected,false
A00532,C00122,REQ-1012,2025-11-04 02:20:35,Rejected,false
A00533,C00283,REQ-1021,2026-05-03 09:18:48,Rejected,false
A00534,C00121,REQ-1016,2026-03-06 08:02:55,Rejected,false
A00535,C00398,REQ-1012,2026-01-27 14:24:59,Rejected,false
A00536,C00197,REQ-1020,2026-04-03 17:10:20,Rejected,false
A00537,C00229,REQ-1016,2026-04-17 21:44:25,Hired,false
A00538,C00182,REQ-1025,2026-06-28 13:15:07,Screen,false
A00539,C00157,REQ-1020,2026-04-27 06:58:11,Withdrawn,false
A00540,C00048,REQ-1015,2026-04-20 20:15:51,Withdrawn,false
A00541,C00034,REQ-1014,2026-02-21 00:25:38,Rejected,false
A00542,C00314,REQ-1017,2026-05-19 00:39:34,Hired,false
A00543,C00187,REQ-1007,2026-07-06 11:12:30,Rejected,false
A00544,C00032,REQ-1003,2026-03-12 05:40:00,Rejected,false
A00545,C00033,REQ-1007,2025-10-28 02:16:19,Withdrawn,false
A00546,C00529,REQ-1018,2026-05-31 09:58:55,Withdrawn,false
A00547,C00480,REQ-1008,2026-06-14 05:05:28,Offer,true
A00548,C00195,REQ-1008,2026-06-28 09:36:07,Screen,true
A00549,C00558,REQ-1017,2025-12-08 17:12:06,Offer,false
A00550,C00394,REQ-1005,2026-06-22 02:28:31,Withdrawn,false
A00551,C00226,REQ-1017,2025-11-26 03:49:46,Rejected,false
A00552,C00079,REQ-1024,2026-06-03 11:29:18,Offer,true
A00553,C00249,REQ-1009,2026-06-21 04:54:59,Offer,true
A00554,C00446,REQ-1011,2025-09-24 16:21:43,Screen,false
A00555,C00540,REQ-1010,2026-04-15 05:34:09,Withdrawn,false
A00556,C00531,REQ-1020,2026-04-20 14:18:43,Offer,true
A00557,C00442,REQ-1018,2026-02-05 17:21:13,Rejected,false
A00558,C00350,REQ-1005,2026-03-07 00:17:28,Rejected,false
A00559,C00368,REQ-1011,2026-01-20 23:12:33,Withdrawn,false
A00560,C00516,REQ-1012,2026-06-07 11:19:24,Offer,true
A00561,C00014,REQ-1025,2026-03-15 20:26:25,Hired,false
A00562,C00016,REQ-1002,2025-12-18 08:07:58,Withdrawn,false
A00563,C00284,REQ-1023,2026-07-06 08:54:52,Withdrawn,false
A00564,C00008,REQ-1003,2026-04-20 23:25:35,Withdrawn,false
A00565,C00044,REQ-1013,2026-04-15 07:11:51,Offer,false
A00566,C00479,REQ-1011,2025-09-28 17:46:03,Rejected,false
A00567,C00363,REQ-1016,2026-01-11 18:26:58,Rejected,false
A00568,C00362,REQ-1018,2026-02-26 05:48:55,Withdrawn,false
A00569,C00163,REQ-1020,2026-03-11 04:46:08,Hired,false
A00570,C00067,REQ-1015,2026-03-14 14:16:32,Offer,false
A00571,C00407,REQ-1003,2026-05-09 13:09:23,Withdrawn,false
A00572,C00535,REQ-1006,2026-04-19 21:52:46,Rejected,false
A00573,C00340,REQ-1008,2026-05-31 11:53:07,Withdrawn,false
A00574,C00289,REQ-1022,2025-11-21 12:05:21,Withdrawn,false
A00575,C00601,REQ-1010,2026-04-23 14:53:08,Rejected,false
A00576,C00086,REQ-1018,2025-12-22 10:59:35,Withdrawn,false
A00577,C00386,REQ-1007,2025-10-30 06:39:00,Rejected,false
A00578,C00022,REQ-2004,2026-02-01 10:34:37,Hired,false
A00579,C00167,REQ-1022,2026-03-21 13:40:30,Withdrawn,false
A00580,C00591,REQ-1011,2026-02-01 01:53:33,Withdrawn,false
A00581,C00354,REQ-1006,2026-06-03 11:00:38,Withdrawn,false
A00582,C00099,REQ-1004,2026-07-01 22:37:53,Rejected,false
A00583,C00369,REQ-1001,2026-05-27 01:01:03,Withdrawn,false
A00584,C00502,REQ-1015,2026-05-20 13:17:48,Rejected,false
A00585,C00186,REQ-1020,2026-06-01 15:16:27,Hired,false
A00586,C00343,REQ-1002,2025-11-27 02:32:31,Withdrawn,false
A00587,C00316,REQ-1022,2026-03-24 12:31:41,Rejected,false
A00588,C00261,REQ-1024,2026-04-25 15:06:54,Rejected,false
A00589,C00359,REQ-1011,2025-10-13 10:06:29,Rejected,false
A00590,C00125,REQ-1001,2026-06-23 23:15:44,Screen,true
A00591,C00270,REQ-1008,2026-04-29 19:55:57,Withdrawn,false
A00592,C00209,REQ-1012,2026-02-01 17:28:10,Hired,false
A00593,C00435,REQ-1008,2026-05-23 09:11:00,Withdrawn,false
A00594,C00329,REQ-1019,2026-06-23 16:00:00,Offer,true
A00595,C00376,REQ-1003,2026-05-05 19:15:58,Withdrawn,false
A00596,C00326,REQ-1021,2026-04-26 14:12:33,Withdrawn,false
A00597,C00238,REQ-1021,2026-06-12 12:14:29,Withdrawn,false
A00598,C00145,REQ-1022,2026-06-02 18:43:28,Withdrawn,false
A00599,C00393,REQ-1012,2025-10-12 16:02:43,Withdrawn,false
A00600,C00305,REQ-1004,2026-06-26 18:26:42,Rejected,false
A00601,C00077,REQ-1020,2026-05-29 13:05:08,Rejected,false
A00602,C00141,REQ-1003,2026-06-14 07:05:22,Withdrawn,false
A00603,C00026,REQ-1018,2026-06-01 19:12:02,Withdrawn,false
A00604,C00422,REQ-1018,2026-04-21 13:54:10,Withdrawn,false
A00605,C00265,REQ-1011,2026-05-03 08:13:34,Rejected,false
A00606,C00017,REQ-1025,2026-04-07 10:39:36,Withdrawn,false
A00607,C00434,REQ-1005,2026-04-11 08:36:23,Rejected,false
A00608,C00410,REQ-1017,2026-04-16 13:34:25,Withdrawn,false
A00609,C00405,REQ-1008,2026-05-30 07:10:52,Withdrawn,false
A00610,C00427,REQ-1011,2026-04-01 02:50:06,Withdrawn,false
A00611,C00412,REQ-1007,2026-05-31 18:47:27,Rejected,false
A00612,C00270,REQ-1003,2025-12-13 22:25:26,Offer,false
A00613,C00139,REQ-1023,2026-06-29 15:24:13,Rejected,false
A00614,C00309,REQ-1002,2026-06-08 13:29:57,Rejected,false
A00615,C00401,REQ-1022,2026-01-05 00:29:59,Withdrawn,false
A00616,C00130,REQ-1002,2026-03-01 07:50:02,Hired,false
A00617,C00008,REQ-1013,2026-05-02 14:24:17,Withdrawn,false
A00618,C00502,REQ-1003,2026-04-20 11:45:30,Withdrawn,false
A00619,C00505,REQ-1011,2025-10-23 15:29:31,Withdrawn,false
A00620,C00522,REQ-1023,2026-07-04 15:55:01,Withdrawn,false
A00621,C00580,REQ-1026,2026-05-16 07:24:40,Rejected,false
A00622,C00286,REQ-1023,2026-07-05 20:16:22,Screen,true
A00623,C00247,REQ-1021,2026-05-02 23:19:05,Hired,false
A00624,C00011,REQ-1007,2025-10-25 00:57:10,Withdrawn,false
A00625,C00587,REQ-1026,2026-05-02 15:53:18,Hired,false
A00626,C00204,REQ-1024,2026-05-06 01:15:20,Withdrawn,false
A00627,C00494,REQ-1017,2026-06-10 11:21:41,Withdrawn,false
A00628,C00488,REQ-1007,2025-10-25 12:30:07,Withdrawn,false
A00629,C00326,REQ-1024,2026-06-22 15:26:44,Withdrawn,false
A00630,C00165,REQ-1009,2025-11-24 12:51:18,Rejected,false
A00631,C00381,REQ-1016,2026-01-31 23:45:55,Withdrawn,false
A00632,C00451,REQ-1019,2026-07-04 23:34:01,Interview,true
A00633,C00391,REQ-1006,2026-04-18 23:55:28,Rejected,false
A00634,C00435,REQ-1008,2026-04-08 08:25:57,Withdrawn,false
A00635,C00308,REQ-1014,2026-06-04 17:57:34,Hired,false
A00636,C00075,REQ-1009,2026-05-15 21:17:22,Hired,false
A00637,C00261,REQ-1010,2026-04-29 10:39:32,Screen,false
A00638,C00499,REQ-1005,2026-04-06 06:00:39,Withdrawn,false
A00639,C00289,REQ-1008,2026-05-30 07:28:41,Withdrawn,false
A00640,C00169,REQ-1026,2026-04-28 10:09:26,Interview,true
A00641,C00301,REQ-1007,2026-06-16 16:36:04,Offer,true
A00642,C00044,REQ-1007,2025-11-04 04:18:04,Rejected,false
A00643,C00454,REQ-1024,2026-06-23 05:12:36,Interview,true
A00644,C00215,REQ-1017,2025-12-13 22:38:44,Rejected,false
A00645,C00284,REQ-1012,2026-05-20 03:20:53,Hired,false
A00646,C00475,REQ-1019,2026-07-07 11:03:23,Screen,true
A00647,C00198,REQ-1008,2026-05-28 11:43:38,Rejected,false
A00648,C00361,REQ-1011,2025-11-14 12:24:19,Rejected,false
A00649,C00540,REQ-1025,2026-04-22 03:16:21,Rejected,false
A00650,C00318,REQ-1016,2026-01-18 17:58:47,Offer,true
A00651,C00411,REQ-1005,2026-03-13 15:15:10,Withdrawn,false
A00652,C00055,REQ-1018,2026-03-17 23:14:39,Hired,false
A00653,C00531,REQ-1016,2026-03-20 07:42:26,Rejected,false
A00654,C00052,REQ-1024,2026-05-14 22:59:56,Screen,false
A00655,C00465,REQ-1005,2026-05-12 02:31:23,Rejected,false
A00656,C00146,REQ-1005,2026-05-23 00:20:53,Withdrawn,false
A00657,C00521,REQ-1023,2026-04-22 23:11:39,Withdrawn,false
A00658,C00471,REQ-1008,2026-06-19 01:39:55,Rejected,false
A00659,C00571,REQ-1024,2026-06-12 05:34:00,Offer,true
A00660,C00286,REQ-1006,2026-03-01 17:56:08,Hired,false
A00661,C00132,REQ-1003,2025-12-25 15:12:39,Interview,false
A00662,C00203,REQ-1020,2026-03-09 20:39:11,Hired,false
A00663,C00003,REQ-1015,2026-04-03 08:58:08,Offer,true
A00664,C00580,REQ-1004,2026-04-16 00:34:00,Withdrawn,false
A00665,C00560,REQ-1011,2026-04-10 14:49:48,Rejected,false
A00666,C00183,REQ-1009,2026-04-02 23:22:39,Rejected,false
A00667,C00157,REQ-1020,2026-07-03 06:51:30,Screen,true
A00668,C00421,REQ-1020,2026-05-03 02:29:24,Rejected,false
A00669,C00199,REQ-1008,2026-07-05 17:08:59,Rejected,false
A00670,C00546,REQ-1009,2025-12-24 14:42:21,Rejected,false
A00671,C00330,REQ-1016,2026-07-03 01:45:15,Withdrawn,false
A00672,C00260,REQ-1025,2025-09-12 11:47:55,Offer,true
A00673,C00243,REQ-1012,2026-04-13 14:30:40,Withdrawn,false
A00674,C00367,REQ-1020,2026-05-15 20:48:34,Rejected,false
A00675,C00318,REQ-1019,2026-06-11 22:01:41,Rejected,false
A00676,C00289,REQ-1002,2026-04-05 04:22:25,Rejected,false
A00677,C00066,REQ-1023,2026-05-16 02:59:08,Withdrawn,false
A00678,C00187,REQ-1001,2026-06-22 11:06:14,Offer,true
A00679,C00140,REQ-1021,2026-04-19 00:36:52,Withdrawn,false
A00680,C00132,REQ-1012,2026-01-06 19:29:08,Rejected,false
A00681,C00191,REQ-1014,2026-05-06 04:55:38,Withdrawn,false
A00682,C00082,REQ-1010,2026-05-11 13:14:09,Offer,true
A00683,C00558,REQ-1013,2026-03-14 15:30:46,Withdrawn,false
A00684,C00330,REQ-1010,2026-06-29 11:13:24,Withdrawn,false
A00685,C00441,REQ-1019,2026-05-21 03:15:08,Hired,false
A00686,C00229,REQ-1019,2026-06-23 07:19:12,Rejected,false
A00687,C00193,REQ-1009,2026-01-11 15:56:27,Withdrawn,false
A00688,C00411,REQ-1007,2025-12-12 07:59:08,Rejected,false
A00689,C00066,REQ-1001,2026-06-26 16:25:47,Withdrawn,false
A00690,C00165,REQ-1011,2026-01-06 03:37:30,Withdrawn,false
A00691,C00178,REQ-1025,2026-05-30 19:47:16,Withdrawn,false
A00692,C00222,REQ-1017,2026-01-05 11:53:21,Withdrawn,false
A00693,C00251,REQ-1005,2026-05-18 16:11:43,Withdrawn,false
A00694,C00509,REQ-1023,2026-05-09 14:52:00,Rejected,false
A00695,C00099,REQ-1020,2026-03-22 06:22:46,Rejected,false
A00696,C00057,REQ-1013,2026-03-08 18:14:28,Withdrawn,false
A00697,C00367,REQ-1013,2026-02-26 03:48:24,Rejected,false
A00698,C00210,REQ-1026,2026-05-27 02:06:49,Withdrawn,false
A00699,C00540,REQ-1013,2026-04-22 06:28:15,Rejected,false
A00700,C00012,REQ-1022,2025-11-09 19:27:01,Rejected,false
A00701,C00190,REQ-1014,2026-01-18 21:12:36,Withdrawn,false
A00702,C00473,REQ-1006,2026-01-18 23:03:05,Rejected,false
A00703,C00522,REQ-1002,2026-07-03 02:31:33,Withdrawn,false
A00704,C00159,REQ-1022,2026-05-21 05:12:18,Hired,false
A00705,C00289,REQ-1013,2026-02-12 19:32:19,Withdrawn,false
A00706,C00228,REQ-1007,2026-01-24 11:00:37,Withdrawn,false
A00707,C00007,REQ-1016,2026-05-22 17:57:44,Rejected,false
A00708,C00441,REQ-1016,2026-01-06 05:19:13,Rejected,false
A00709,C00550,REQ-1024,2026-04-27 06:22:37,Withdrawn,false
A00710,C00022,REQ-1020,2026-04-13 21:30:50,Rejected,false
A00711,C00148,REQ-1009,2025-11-19 17:30:56,Withdrawn,false
A00712,C00225,REQ-1016,2026-05-22 08:05:20,Withdrawn,false
A00713,C00117,REQ-1001,2026-05-06 02:02:13,Rejected,false
A00714,C00196,REQ-1013,2026-06-21 20:00:48,Rejected,false
A00715,C00459,REQ-1023,2026-05-14 00:29:24,Withdrawn,false
A00716,C00036,REQ-1014,2025-11-07 17:05:36,Rejected,false
A00717,C00422,REQ-1002,2026-03-25 16:34:15,Hired,false
A00718,C00315,REQ-1010,2026-04-27 07:56:38,Rejected,false
A00719,C00439,REQ-2004,2025-11-18 03:23:57,Offer,true
A00720,C00559,REQ-1009,2026-06-17 21:06:32,Offer,true
A00721,C00542,REQ-1024,2026-05-20 23:54:45,Offer,true
A00722,C00378,REQ-1020,2026-06-19 02:27:05,Offer,true
A00723,C00360,REQ-1012,2025-12-27 02:15:32,Rejected,false
A00724,C00002,REQ-1008,2026-06-30 22:55:23,Withdrawn,false
A00725,C00350,REQ-1021,2026-06-30 23:13:26,Withdrawn,false
A00726,C00428,REQ-1017,2026-01-05 04:04:38,Withdrawn,false
A00727,C00069,REQ-1018,2026-05-24 06:24:13,Offer,false
A00728,C00037,REQ-1024,2026-05-03 19:00:39,Hired,false
A00729,C00501,REQ-1009,2026-03-04 14:44:37,Withdrawn,false
A00730,C00283,REQ-1023,2026-05-10 06:17:18,Hired,false
A00731,C00551,REQ-1008,2026-06-20 03:45:13,Withdrawn,false
A00732,C00199,REQ-1015,2026-04-11 01:44:58,Withdrawn,false
A00733,C00489,REQ-1007,2026-06-28 03:20:36,Rejected,false
A00734,C00242,REQ-1019,2026-05-28 00:34:08,Hired,false
A00735,C00109,REQ-1023,2026-03-30 06:30:14,Rejected,false
A00736,C00260,REQ-1012,2026-03-16 19:10:18,Withdrawn,false
A00737,C00499,REQ-1006,2026-04-09 07:07:23,Withdrawn,false
A00738,C00268,REQ-1014,2026-04-05 17:13:43,Withdrawn,false
A00739,C00598,REQ-1008,2026-04-18 18:11:10,Withdrawn,false
A00740,C00430,REQ-1001,2026-07-07 22:50:38,Withdrawn,false
A00741,C00093,REQ-1013,2026-01-13 15:54:01,Withdrawn,false
A00742,C00384,REQ-1006,2026-03-07 12:35:56,Withdrawn,false
A00743,C00134,REQ-1010,2026-06-06 00:00:58,Withdrawn,false
A00744,C00410,REQ-1024,2026-04-28 00:58:47,Rejected,false
A00745,C00446,REQ-1018,2025-12-20 04:50:56,Withdrawn,false
A00746,C00576,REQ-1026,2026-06-15 07:59:32,Withdrawn,false
A00747,C00235,REQ-1007,2025-11-30 17:37:25,Withdrawn,false
A00748,C00058,REQ-1004,2026-06-03 02:29:01,Withdrawn,false
A00749,C00048,REQ-1025,2026-03-21 10:16:16,Hired,false
A00750,C00245,REQ-1017,2026-04-05 16:28:20,Rejected,false
A00751,C00110,REQ-1024,2026-05-03 00:38:27,Withdrawn,false
A00752,C00223,REQ-1011,2025-09-27 13:46:16,Withdrawn,false
A00753,C00577,REQ-1026,2026-06-01 12:17:24,Offer,true
A00754,C00369,REQ-1016,2026-06-23 19:06:50,Interview,true
A00755,C00093,REQ-1019,2026-06-06 17:42:36,Rejected,false
A00756,C00258,REQ-1011,2025-11-07 17:34:40,Hired,false
A00757,C00224,REQ-1017,2026-04-20 23:47:13,Rejected,false
A00758,C00599,REQ-1013,2026-03-08 04:21:47,Offer,true
A00759,C00336,REQ-1020,2026-06-06 00:20:20,Withdrawn,false
A00760,C00452,REQ-1016,2026-02-19 04:59:35,Hired,false
A00761,C00078,REQ-1018,2026-05-27 06:51:47,Withdrawn,false
A00762,C00249,REQ-1014,2026-04-28 00:59:38,Withdrawn,false
A00763,C00065,REQ-1025,2026-05-25 18:10:29,Rejected,false
A00764,C00175,REQ-1020,2026-03-30 15:03:11,Rejected,false
A00765,C00334,REQ-1015,2026-05-04 15:54:50,Rejected,false
A00766,C00210,REQ-1004,2026-05-14 07:39:43,Withdrawn,false
A00767,C00260,REQ-1008,2026-07-04 23:02:11,Withdrawn,false
A00768,C00537,REQ-1020,2026-03-25 22:45:02,Withdrawn,false
A00769,C00554,REQ-1013,2026-04-04 11:11:06,Withdrawn,false
A00770,C00049,REQ-1025,2025-09-22 16:53:16,Withdrawn,false
A00771,C00049,REQ-1019,2026-06-05 21:40:11,Rejected,false
A00772,C00296,REQ-1002,2026-01-04 12:20:05,Rejected,false
A00773,C00527,REQ-1004,2026-05-21 04:30:55,Withdrawn,false
A00774,C00183,REQ-1006,2026-06-12 11:53:01,Rejected,false
A00775,C00016,REQ-1007,2025-12-01 16:13:23,Withdrawn,false
A00776,C00499,REQ-1007,2025-12-15 09:14:51,Hired,false
A00777,C00495,REQ-1018,2026-03-24 11:09:00,Offer,true
A00778,C00418,REQ-1004,2026-06-05 05:56:31,Rejected,false
A00779,C00278,REQ-1003,2025-12-14 19:23:10,Hired,false
A00780,C00593,REQ-1018,2026-05-13 01:35:25,Withdrawn,false
A00781,C00361,REQ-1015,2026-04-13 02:45:38,Hired,false
A00782,C00189,REQ-1019,2026-07-06 23:41:30,Screen,true
A00783,C00223,REQ-1014,2026-01-17 10:01:24,Withdrawn,false
A00784,C00187,REQ-1010,2026-07-10 21:21:18,Rejected,false
A00785,C00510,REQ-1013,2026-06-23 07:34:36,Screen,true
A00786,C00135,REQ-1006,2026-06-30 02:49:20,Withdrawn,false
A00787,C00227,REQ-1019,2026-05-16 13:01:21,Offer,false
A00788,C00554,REQ-1004,2026-06-28 17:59:24,Rejected,false
A00789,C00514,REQ-1004,2026-07-04 08:33:30,Screen,true
A00790,C00307,REQ-1005,2026-02-28 20:44:21,Withdrawn,false
A00791,C00050,REQ-1022,2025-10-17 02:26:29,Screen,false
A00792,C00320,REQ-1012,2025-11-08 20:26:39,Withdrawn,false
A00793,C00305,REQ-1025,2025-11-21 04:28:32,Hired,false
A00794,C00077,REQ-1024,2026-06-26 17:04:01,Interview,true
A00795,C00538,REQ-1024,2026-06-17 07:34:35,Withdrawn,false
A00796,C00334,REQ-1025,2026-03-17 20:46:57,Withdrawn,false
A00797,C00358,REQ-1025,2026-06-03 00:41:53,Withdrawn,false
A00798,C00165,REQ-1012,2026-01-03 23:18:14,Rejected,false
A00799,C00186,REQ-1014,2026-02-15 05:16:56,Withdrawn,false
A00800,C00456,REQ-1023,2026-03-31 00:35:19,Offer,false
A00801,C00526,REQ-1002,2025-10-27 16:07:43,Hired,false
A00802,C00524,REQ-1007,2026-05-19 06:20:34,Screen,false
A00803,C00140,REQ-1010,2026-05-21 04:56:48,Offer,true
A00804,C00020,REQ-1001,2026-05-28 19:58:10,Offer,false
A00805,C00577,REQ-1006,2026-07-02 21:11:18,Withdrawn,false
A00806,C00312,REQ-1024,2026-06-12 09:18:30,Offer,true
A00807,C00456,REQ-1018,2026-04-12 04:31:53,Rejected,false
A00808,C00011,REQ-1024,2026-04-24 09:42:09,Rejected,false
A00809,C00233,REQ-1004,2026-05-18 04:00:57,Withdrawn,false
A00810,C00511,REQ-1008,2026-04-14 22:38:34,Offer,true
A00811,C00055,REQ-1023,2026-03-24 03:31:18,Withdrawn,false
A00812,C00433,REQ-1004,2026-07-10 00:51:55,Screen,true
A00813,C00466,REQ-1002,2025-12-18 20:35:32,Withdrawn,false
A00814,C00291,REQ-1023,2026-06-03 12:06:19,Withdrawn,false
A00815,C00055,REQ-1002,2026-04-28 17:32:46,Withdrawn,false
A00816,C00320,REQ-1020,2026-04-20 01:14:19,Rejected,false
A00817,C00217,REQ-1011,2026-06-29 22:31:34,Withdrawn,false
A00818,C00108,REQ-1019,2026-05-02 14:01:36,Withdrawn,false
A00819,C00398,REQ-1008,2026-07-04 09:09:28,Screen,true
A00820,C00563,REQ-1008,2026-04-07 01:28:38,Rejected,false
A00821,C00570,REQ-1011,2025-12-11 12:16:48,Withdrawn,false
A00822,C00177,REQ-1012,2026-02-01 23:42:23,Withdrawn,false
A00823,C00240,REQ-1001,2026-05-04 23:37:28,Withdrawn,false
A00824,C00334,REQ-1015,2026-04-07 15:15:43,Withdrawn,false
A00825,C00339,REQ-1023,2026-05-17 09:22:50,Withdrawn,false
A00826,C00554,REQ-1001,2026-05-18 23:43:39,Hired,false
A00827,C00205,REQ-1007,2026-06-29 23:45:35,Withdrawn,false
A00828,C00518,REQ-1010,2026-06-28 04:41:02,Rejected,false
A00829,C00483,REQ-1023,2026-03-03 06:54:08,Hired,false
A00830,C00444,REQ-1005,2026-03-12 03:17:58,Hired,false
A00831,C00004,REQ-1021,2026-06-21 10:29:52,Withdrawn,false
A00832,C00020,REQ-1013,2026-05-20 14:37:26,Rejected,false
A00833,C00349,REQ-1004,2026-05-17 08:02:47,Rejected,false
A00834,C00464,REQ-1007,2025-12-08 09:34:19,Rejected,false
A00835,C00564,REQ-1008,2026-04-25 23:07:17,Withdrawn,false
A00836,C00423,REQ-1005,2026-03-19 19:26:50,Withdrawn,false
A00837,C00489,REQ-1020,2026-07-01 16:33:47,Interview,true
A00838,C00002,REQ-1024,2026-05-02 13:39:32,Hired,false
A00839,C00570,REQ-1004,2026-06-26 20:47:47,Withdrawn,false
A00840,C00017,REQ-1007,2026-05-02 13:18:30,Withdrawn,false
A00841,C00031,REQ-1026,2026-06-08 01:59:57,Offer,true
A00842,C00067,REQ-1023,2026-06-15 07:26:05,Rejected,false
A00843,C00400,REQ-1009,2025-12-11 21:38:02,Screen,false
A00844,C00582,REQ-1012,2025-11-05 17:45:46,Hired,false
A00845,C00189,REQ-1001,2026-05-08 10:57:56,Withdrawn,false
A00846,C00126,REQ-1008,2026-05-13 05:39:41,Withdrawn,false
A00847,C00001,REQ-1005,2026-05-31 21:48:42,Rejected,false
A00848,C00569,REQ-1011,2026-06-29 18:51:19,Rejected,false
A00849,C00413,REQ-1024,2026-06-08 22:24:21,Offer,true
A00850,C00070,REQ-1017,2026-06-05 22:16:17,Rejected,false
A00851,C00323,REQ-1025,2026-03-01 04:58:47,Offer,true
A00852,C00021,REQ-1005,2026-03-29 00:50:54,Screen,false
A00853,C00572,REQ-1012,2025-10-30 22:16:31,Withdrawn,false
A00854,C00078,REQ-1008,2026-05-13 03:31:59,Withdrawn,false
A00855,C00030,REQ-1006,2026-02-06 00:31:09,Rejected,false
A00856,C00158,REQ-1007,2026-05-12 11:06:06,Withdrawn,false
A00857,C00469,REQ-1026,2026-06-26 18:56:22,Offer,true
A00858,C00039,REQ-1018,2026-05-28 12:33:06,Interview,true
A00859,C00548,REQ-1001,2026-06-11 14:28:47,Withdrawn,false
A00860,C00074,REQ-1021,2026-06-18 10:49:52,Withdrawn,false
A00861,C00400,REQ-1003,2026-07-10 08:15:01,Rejected,false
A00862,C00314,REQ-1002,2025-11-01 05:21:17,Rejected,false
A00863,C00143,REQ-1024,2026-07-08 20:14:07,Rejected,false
A00864,C00062,REQ-1011,2025-10-20 20:33:50,Rejected,false
A00865,C00314,REQ-1022,2025-12-08 04:33:06,Rejected,false
A00866,C00456,REQ-1020,2026-06-03 19:14:43,Rejected,false
A00867,C00214,REQ-1003,2026-03-24 02:27:17,Withdrawn,false
A00868,C00318,REQ-1020,2026-05-17 16:41:40,Offer,true
A00869,C00253,REQ-1014,2025-10-11 15:19:26,Withdrawn,false
A00870,C00183,REQ-1018,2026-04-25 04:32:38,Hired,false
A00871,C00265,REQ-1003,2025-10-29 07:09:02,Rejected,false
A00872,C00482,REQ-1001,2026-06-07 15:11:15,Rejected,false
A00873,C00392,REQ-1019,2026-05-20 07:37:14,Rejected,false
A00874,C00140,REQ-1026,2026-04-26 02:21:05,Withdrawn,false
A00875,C00598,REQ-1015,2026-04-16 03:34:34,Hired,false
A00876,C00353,REQ-1011,2026-03-25 00:09:20,Withdrawn,false
A00877,C00445,REQ-1020,2026-03-29 10:06:52,Withdrawn,false
A00878,C00191,REQ-1026,2026-05-12 06:14:11,Rejected,false
A00879,C00096,REQ-1008,2026-05-01 05:30:15,Rejected,false
A00880,C00506,REQ-1001,2026-05-08 16:44:38,Withdrawn,false
A00881,C00399,REQ-1024,2026-04-29 08:28:39,Withdrawn,false
A00882,C00459,REQ-1010,2026-03-05 19:41:39,Withdrawn,false
A00883,C00601,REQ-1003,2025-10-28 01:49:52,Withdrawn,false
A00884,C00302,REQ-1023,2026-03-26 17:18:33,Withdrawn,false
A00885,C00096,REQ-1018,2026-07-01 06:00:53,Screen,true
A00886,C00021,REQ-1015,2026-03-11 06:53:11,Withdrawn,false
A00887,C00414,REQ-1021,2026-06-19 21:45:56,Interview,false
A00888,C00010,REQ-1019,2026-05-12 23:41:41,Withdrawn,false
A00889,C00110,REQ-1006,2026-02-05 08:35:47,Rejected,false
A00890,C00230,REQ-1020,2026-06-24 20:05:20,Withdrawn,false
A00891,C00428,REQ-1010,2026-05-05 10:51:23,Rejected,false
A00892,C00280,REQ-1020,2026-07-03 11:29:35,Withdrawn,false
A00893,C00464,REQ-1013,2026-05-12 17:33:29,Hired,false
A00894,C00569,REQ-1008,2026-04-27 23:53:39,Hired,false
A00895,C00574,REQ-1018,2026-04-28 08:56:59,Hired,false
A00896,C00128,REQ-1025,2025-12-16 03:34:24,Rejected,false
A00897,C00462,REQ-1026,2026-05-12 20:52:45,Offer,false
A00898,C00219,REQ-1008,2026-07-02 21:47:33,Screen,true
A00899,C00564,REQ-1015,2026-03-26 02:56:05,Withdrawn,false
A00900,C00145,REQ-1016,2026-03-05 02:37:26,Rejected,false
A00901,C00399,REQ-1011,2025-09-25 05:54:51,Withdrawn,false
A00902,C00518,REQ-1016,2026-07-03 02:43:18,Interview,true
A00903,C00481,REQ-1020,2026-03-10 08:53:38,Rejected,false
A00904,C00390,REQ-1020,2026-04-11 18:46:01,Withdrawn,false
A00905,C00341,REQ-1007,2025-12-20 13:12:35,Rejected,false
A00906,C00148,REQ-1019,2026-07-06 19:14:21,Interview,true
A00907,C00504,REQ-1005,2026-06-05 23:43:55,Rejected,false
A00908,C00372,REQ-1020,2026-06-04 08:51:08,Rejected,false
A00909,C00266,REQ-1022,2026-02-28 06:21:48,Interview,false
A00910,C00230,REQ-1020,2026-06-08 00:16:37,Rejected,false
A00911,C00599,REQ-1005,2026-03-06 09:10:10,Withdrawn,false
A00912,C00406,REQ-1026,2026-06-30 16:24:42,Rejected,false
A00913,C00321,REQ-1006,2026-04-15 05:59:25,Rejected,false
A00914,C00572,REQ-1020,2026-06-07 23:37:53,Withdrawn,false
A00915,C00138,REQ-1005,2026-06-14 07:05:00,Rejected,false
A00916,C00518,REQ-1019,2026-07-07 09:52:56,Interview,true
A00917,C00160,REQ-1021,2026-06-08 19:48:57,Offer,true
A00918,C00291,REQ-1001,2026-06-20 18:28:46,Withdrawn,false
A00919,C00280,REQ-1026,2026-04-29 09:22:43,Withdrawn,false
A00920,C00347,REQ-1005,2026-05-30 11:40:12,Withdrawn,false
A00921,C00202,REQ-1015,2026-06-02 20:00:45,Withdrawn,false
A00922,C00321,REQ-1023,2026-03-16 08:43:11,Rejected,false
A00923,C00202,REQ-1007,2025-10-19 16:37:37,Rejected,false
A00924,C00302,REQ-1009,2026-04-26 03:27:25,Withdrawn,false
A00925,C00197,REQ-1019,2026-06-12 16:38:36,Interview,false
A00926,C00598,REQ-1014,2026-06-25 21:16:10,Withdrawn,false
A00927,C00232,REQ-1008,2026-06-22 15:38:09,Rejected,false
A00928,C00464,REQ-1011,2026-05-29 01:25:09,Rejected,false
A00929,C00499,REQ-2094,2026-02-06 14:54:23,Hired,false
A00930,C00224,REQ-1001,2026-06-24 16:40:59,Rejected,false
A00931,C00143,REQ-1019,2026-06-15 11:06:21,Rejected,false
A00932,C00436,REQ-1008,2026-04-14 14:25:05,Hired,false
A00933,C00245,REQ-1001,2026-05-30 18:34:26,Withdrawn,false
A00934,C00357,REQ-1012,2026-06-09 21:56:31,Offer,true
A00935,C00131,REQ-1010,2026-05-26 02:35:44,Offer,true
A00936,C00457,REQ-1005,2026-04-16 00:32:13,Withdrawn,false
A00937,C00539,REQ-1007,2026-05-30 19:06:49,Hired,false
A00938,C00519,REQ-1025,2026-03-01 00:49:26,Withdrawn,false
A00939,C00110,REQ-1004,2026-05-26 13:05:22,Rejected,false
A00940,C00019,REQ-1004,2026-05-21 02:08:09,Withdrawn,false
A00941,C00393,REQ-1001,2026-06-06 01:39:00,Offer,true
A00942,C00382,REQ-1010,2026-07-08 00:35:14,Rejected,false
A00943,C00411,REQ-1022,2026-05-22 00:34:43,Withdrawn,false
A00944,C00387,REQ-1011,2026-03-14 21:12:52,Rejected,false
A00945,C00380,REQ-1019,2026-06-11 08:02:53,Offer,true
A00946,C00497,REQ-1023,2026-06-18 06:30:33,Rejected,false
A00947,C00362,REQ-1023,2026-05-09 16:13:38,Withdrawn,false
A00948,C00216,REQ-1019,2026-04-26 01:37:25,Withdrawn,false
A00949,C00118,REQ-1007,2026-02-26 07:33:29,Withdrawn,false
A00950,C00179,REQ-1018,2026-06-25 03:06:47,Withdrawn,false
A00951,C00178,REQ-1021,2026-05-07 17:45:44,Hired,false
A00952,C00368,REQ-1026,2026-06-05 20:16:14,Withdrawn,false
A00953,C00123,REQ-1025,2026-06-13 08:30:48,Withdrawn,false
A00954,C00538,REQ-1025,2026-04-23 02:38:24,Hired,false
A00955,C00168,REQ-1005,2026-07-11 08:20:57,Screen,true
A00956,C00026,REQ-1012,2026-05-06 09:51:36,Withdrawn,false
A00957,C00041,REQ-1024,2026-04-17 19:25:59,Rejected,false
A00958,C00022,REQ-1012,2026-04-20 10:41:57,Screen,false
A00959,C00058,REQ-1001,2026-05-20 08:35:09,Rejected,false
A00960,C00014,REQ-1026,2026-05-13 15:29:42,Screen,false
A00961,C00412,REQ-1002,2026-02-17 07:35:37,Interview,false
A00962,C00362,REQ-1011,2026-05-20 05:36:18,Hired,false
A00963,C00276,REQ-1008,2026-04-10 07:57:49,Rejected,false
A00964,C00263,REQ-2030,2026-03-04 16:53:46,Hired,false
A00965,C00478,REQ-1017,2025-11-20 14:18:15,Rejected,false
A00966,C00206,REQ-1002,2025-12-26 19:51:24,Withdrawn,false
A00967,C00268,REQ-1015,2026-02-11 02:05:01,Withdrawn,false
A00968,C00340,REQ-1010,2026-06-04 02:59:29,Withdrawn,false
A00969,C00414,REQ-1005,2026-04-16 18:10:04,Withdrawn,false
A00970,C00083,REQ-1017,2026-03-17 09:43:04,Withdrawn,false
A00971,C00122,REQ-1010,2026-06-12 16:01:50,Rejected,false
A00972,C00066,REQ-1007,2026-06-05 21:34:10,Withdrawn,false
A00973,C00232,REQ-1018,2026-03-20 01:07:35,Rejected,false
A00974,C00210,REQ-1001,2026-06-08 00:11:04,Offer,true
A00975,C00491,REQ-1011,2026-05-07 15:38:52,Hired,false
A00976,C00482,REQ-1020,2026-05-22 05:12:02,Withdrawn,false
A00977,C00463,REQ-1020,2026-03-30 08:34:45,Rejected,false
A00978,C00227,REQ-1001,2026-06-30 14:26:11,Withdrawn,false
A00979,C00257,REQ-1016,2026-05-14 00:44:45,Offer,true
A00980,C00279,REQ-1010,2026-06-14 02:16:01,Rejected,false
A00981,C00169,REQ-1021,2026-06-07 19:32:01,Rejected,false
A00982,C00552,REQ-1011,2026-02-10 14:10:09,Rejected,false
A00983,C00110,REQ-1008,2026-05-05 14:23:23,Offer,true
A00984,C00242,REQ-1006,2026-06-28 09:16:40,Rejected,false
A00985,C00493,REQ-1020,2026-04-11 05:38:26,Hired,false
A00986,C00472,REQ-1011,2026-07-03 01:49:28,Interview,true
A00987,C00173,REQ-1003,2026-05-06 10:07:31,Rejected,false
A00988,C00055,REQ-1019,2026-06-19 14:09:25,Offer,true
A00989,C00448,REQ-1004,2026-05-18 14:31:01,Offer,true
A00990,C00407,REQ-1025,2026-02-19 23:20:34,Rejected,false
A00991,C00229,REQ-1017,2026-02-13 04:32:40,Withdrawn,false
A00992,C00004,REQ-1017,2026-01-11 15:54:53,Withdrawn,false
A00993,C00533,REQ-1025,2025-12-31 19:25:55,Offer,true
A00994,C00390,REQ-1003,2025-12-01 10:46:10,Hired,false
A00995,C00471,REQ-1006,2026-01-15 04:16:57,Withdrawn,false
A00996,C00539,REQ-1014,2025-11-14 19:53:50,Rejected,false
A00997,C00353,REQ-2079,2025-10-06 19:19:37,Rejected,false
A00998,C00519,REQ-1003,2026-06-15 19:46:07,Rejected,false
A00999,C00415,REQ-1023,2026-05-27 17:49:25,Rejected,false
A01000,C00582,REQ-1020,2026-05-12 20:06:28,Rejected,false
A01001,C00049,REQ-1015,2026-05-22 01:55:22,Withdrawn,false
A01002,C00218,REQ-1001,2026-06-26 00:06:07,Withdrawn,false
A01003,C00574,REQ-1014,2026-05-28 11:51:31,Withdrawn,false
A01004,C00288,REQ-1024,2026-05-27 18:34:26,Withdrawn,false
A01005,C00104,REQ-1012,2026-02-04 04:21:37,Screen,false
A01006,C00572,REQ-1019,2026-06-28 20:36:32,Screen,false
A01007,C00191,REQ-1012,2026-05-16 17:17:30,Rejected,false
A01008,C00411,REQ-1008,2026-05-07 03:14:24,Offer,true
A01009,C00109,REQ-1017,2026-05-10 06:26:46,Hired,false
A01010,C00121,REQ-1025,2026-06-04 01:13:20,Withdrawn,false
A01011,C00107,REQ-1015,2026-01-31 07:30:45,Withdrawn,false
A01012,C00414,REQ-1002,2025-10-24 00:50:40,Offer,true
A01013,C00002,REQ-1009,2026-02-25 12:35:59,Offer,true
A01014,C00116,REQ-1001,2026-05-01 16:00:30,Rejected,false
A01015,C00281,REQ-1006,2026-01-20 08:02:30,Withdrawn,false
A01016,C00264,REQ-1016,2026-06-26 10:19:49,Offer,true
A01017,C00330,REQ-1023,2026-07-09 07:50:51,Screen,true
A01018,C00346,REQ-1019,2026-05-25 02:35:36,Withdrawn,false
A01019,C00145,REQ-1026,2026-05-19 02:04:54,Offer,true
A01020,C00567,REQ-1001,2026-05-02 05:57:59,Withdrawn,false
A01021,C00581,REQ-1009,2025-12-03 20:15:06,Screen,false
A01022,C00392,REQ-1013,2026-03-13 23:29:51,Withdrawn,false
A01023,C00349,REQ-1013,2026-04-29 04:59:41,Withdrawn,false
A01024,C00397,REQ-1005,2026-06-16 01:02:24,Withdrawn,false
A01025,C00409,REQ-1008,2026-04-28 19:14:19,Withdrawn,false
A01026,C00032,REQ-1018,2026-03-23 05:54:38,Rejected,false
A01027,C00522,REQ-1016,2026-01-16 01:59:23,Withdrawn,false
A01028,C00571,REQ-1018,2026-03-17 15:16:36,Withdrawn,false
A01029,C00518,REQ-1016,2026-02-27 08:21:43,Withdrawn,false
A01030,C00327,REQ-1001,2026-05-26 13:22:59,Rejected,false
A01031,C00283,REQ-1009,2025-11-07 03:35:08,Offer,true
A01032,C00303,REQ-1014,2025-11-03 02:25:56,Withdrawn,false
A01033,C00077,REQ-1022,2026-01-20 16:19:24,Offer,false
A01034,C00102,REQ-1025,2026-03-13 08:31:29,Withdrawn,false
A01035,C00034,REQ-1002,2026-03-18 22:16:17,Rejected,false
A01036,C00543,REQ-1008,2026-06-01 18:20:55,Offer,true
A01037,C00115,REQ-1004,2026-06-16 04:31:33,Withdrawn,false
A01038,C00255,REQ-1021,2026-06-03 05:48:38,Withdrawn,false
A01039,C00402,REQ-1013,2026-02-25 18:31:55,Rejected,false
A01040,C00044,REQ-1023,2026-05-14 21:28:27,Withdrawn,false
A01041,C00188,REQ-1010,2026-03-06 20:13:48,Withdrawn,false
A01042,C00302,REQ-1016,2026-01-12 11:49:27,Rejected,false
A01043,C00217,REQ-1013,2026-05-12 07:49:34,Hired,false
A01044,C00030,REQ-1005,2026-05-16 06:42:27,Withdrawn,false
A01045,C00338,REQ-1017,2025-11-18 12:42:39,Rejected,false
A01046,C00389,REQ-1005,2026-06-20 06:08:14,Withdrawn,false
A01047,C00411,REQ-1009,2026-01-23 15:57:42,Rejected,false
A01048,C00017,REQ-1010,2026-06-22 23:14:43,Rejected,false
A01049,C00168,REQ-1021,2026-07-06 04:54:17,Rejected,false
A01050,C00496,REQ-1001,2026-04-30 17:14:23,Rejected,false
A01051,C00531,REQ-1004,2026-05-04 03:50:04,Withdrawn,false
A01052,C00178,REQ-1017,2026-01-06 06:47:46,Rejected,false
A01053,C00136,REQ-1026,2026-06-20 13:03:03,Rejected,false
A01054,C00445,REQ-1015,2026-02-15 21:12:39,Withdrawn,false
A01055,C00216,REQ-1020,2026-05-07 18:12:51,Withdrawn,false
A01056,C00596,REQ-1026,2026-06-17 12:20:53,Offer,true
A01057,C00175,REQ-1009,2026-01-31 01:17:55,Rejected,false
A01058,C00322,REQ-1011,2025-12-15 23:27:38,Rejected,false
A01059,C00440,REQ-1025,2026-02-15 14:50:11,Withdrawn,false
A01060,C00030,REQ-1002,2025-11-15 11:31:33,Rejected,false
A01061,C00554,REQ-1025,2026-02-08 23:02:19,Offer,false
A01062,C00145,REQ-1011,2026-06-23 16:22:10,Withdrawn,false
A01063,C00482,REQ-1009,2026-05-12 08:18:17,Withdrawn,false
A01064,C00304,REQ-1013,2026-01-28 16:53:58,Withdrawn,false
A01065,C00598,REQ-1009,2025-12-26 16:36:56,Offer,false
A01066,C00544,REQ-1016,2026-04-02 02:38:27,Withdrawn,false
A01067,C00341,REQ-1016,2026-04-28 13:09:39,Hired,false
A01068,C00423,REQ-1015,2026-06-14 18:48:08,Withdrawn,false
A01069,C00434,REQ-1022,2026-04-07 18:47:06,Withdrawn,false
A01070,C00425,REQ-1023,2026-05-18 02:00:09,Withdrawn,false
A01071,C00457,REQ-1017,2026-03-01 05:53:19,Withdrawn,false
A01072,C00151,REQ-1015,2026-05-30 14:09:13,Withdrawn,false
A01073,C00488,REQ-1004,2026-06-07 22:24:43,Rejected,false
A01074,C00371,REQ-1007,2026-02-23 04:27:29,Withdrawn,false
A01075,C00375,REQ-1003,2026-06-20 06:36:47,Withdrawn,false
A01076,C00309,REQ-1007,2026-06-23 11:26:48,Interview,true
A01077,C00089,REQ-1020,2026-03-08 14:04:42,Screen,false
A01078,C00018,REQ-1024,2026-06-18 10:32:36,Rejected,false
A01079,C00298,REQ-1014,2026-02-19 19:34:35,Withdrawn,false
A01080,C00435,REQ-1003,2025-10-29 09:21:25,Withdrawn,false
A01081,C00123,REQ-1022,2025-11-20 13:48:08,Withdrawn,false
A01082,C00268,REQ-1019,2026-06-04 11:31:12,Offer,true
A01083,C00544,REQ-1009,2025-12-14 04:45:52,Rejected,false
A01084,C00551,REQ-1022,2025-10-22 00:52:12,Rejected,false
A01085,C00093,REQ-1008,2026-05-29 09:39:42,Withdrawn,false
A01086,C00343,REQ-1021,2026-07-11 00:52:40,Withdrawn,false
A01087,C00302,REQ-2075,2026-02-28 23:47:15,Offer,true
A01088,C00472,REQ-1003,2026-05-31 21:54:50,Hired,false
A01089,C00563,REQ-1008,2026-06-11 01:30:43,Offer,true
A01090,C00040,REQ-2083,2026-05-28 05:04:27,Withdrawn,false
A01091,C00357,REQ-1025,2026-06-10 15:16:39,Withdrawn,false
A01092,C00062,REQ-1018,2025-12-25 04:05:13,Rejected,false
A01093,C00488,REQ-1019,2026-05-20 12:32:19,Withdrawn,false
A01094,C00328,REQ-1013,2026-05-10 15:35:04,Rejected,false
A01095,C00437,REQ-1009,2025-12-22 11:30:35,Hired,false
A01096,C00052,REQ-1001,2026-07-05 16:27:12,Withdrawn,false
A01097,C00570,REQ-1018,2026-05-24 05:46:45,Hired,false
A01098,C00289,REQ-1023,2026-06-06 03:51:57,Rejected,false
A01099,C00217,REQ-1001,2026-07-08 10:41:17,Interview,true
A01100,C00032,REQ-1003,2025-11-09 21:10:09,Rejected,false
A01101,C00466,REQ-1004,2026-04-26 02:37:39,Withdrawn,false
A01102,C00208,REQ-1025,2026-02-25 03:38:28,Screen,false
A01103,C00431,REQ-1019,2026-06-07 01:21:16,Rejected,false
A01104,C00203,REQ-1004,2026-05-16 22:01:25,Hired,false
A01105,C00018,REQ-1002,2026-06-03 02:12:18,Rejected,false
A01106,C00327,REQ-1022,2025-12-27 10:12:54,Rejected,false
A01107,C00593,REQ-1012,2025-10-12 01:17:54,Withdrawn,false
A01108,C00048,REQ-1006,2026-02-01 12:07:43,Withdrawn,false
A01109,C00572,REQ-1022,2025-12-17 02:19:01,Rejected,false
A01110,C00085,REQ-1021,2026-06-07 19:17:57,Withdrawn,false
A01111,C00192,REQ-1011,2026-01-09 13:59:40,Rejected,false
A01112,C00293,REQ-1021,2026-05-07 23:45:04,Hired,false
A01113,C00113,REQ-1004,2026-06-28 02:54:13,Rejected,false
A01114,C00591,REQ-1004,2026-07-02 15:24:06,Rejected,false
A01115,C00483,REQ-1014,2026-03-12 14:47:29,Withdrawn,false
A01116,C00164,REQ-1021,2026-05-06 11:21:06,Withdrawn,false
A01117,C00569,REQ-1020,2026-06-25 06:15:59,Rejected,false
A01118,C00462,REQ-1006,2026-03-25 11:54:01,Screen,false
A01119,C00267,REQ-1012,2026-03-23 10:19:54,Rejected,false
A01120,C00571,REQ-1010,2026-06-25 09:30:17,Interview,true
A01121,C00224,REQ-1019,2026-06-20 19:59:43,Rejected,false
A01122,C00447,REQ-1020,2026-04-21 10:26:41,Withdrawn,false
A01123,C00446,REQ-1024,2026-05-29 17:14:41,Offer,true
A01124,C00576,REQ-1014,2026-02-26 21:23:08,Withdrawn,false
A01125,C00490,REQ-1022,2026-02-04 01:08:56,Rejected,false
A01126,C00510,REQ-1012,2026-03-20 19:05:01,Rejected,false
A01127,C00247,REQ-1022,2026-04-18 20:10:42,Withdrawn,false
A01128,C00350,REQ-1021,2026-06-06 01:16:48,Offer,true
A01129,C00266,REQ-1014,2025-12-06 20:30:53,Rejected,false
A01130,C00538,REQ-1005,2026-06-28 00:25:34,Withdrawn,false
A01131,C00523,REQ-1007,2026-06-25 15:13:29,Offer,true
A01132,C00446,REQ-1011,2026-06-16 00:53:54,Withdrawn,false
A01133,C00513,REQ-1008,2026-04-08 07:05:30,Rejected,false
A01134,C00460,REQ-1017,2026-02-02 11:50:19,Hired,false
A01135,C00293,REQ-1008,2026-06-17 04:00:30,Offer,true
A01136,C00526,REQ-1007,2026-02-09 08:38:25,Withdrawn,false
A01137,C00264,REQ-1016,2026-05-18 07:15:04,Offer,false
A01138,C00169,REQ-1010,2026-04-04 04:32:30,Rejected,false
A01139,C00060,REQ-1014,2025-12-28 14:22:16,Rejected,false
A01140,C00095,REQ-1017,2026-04-15 08:30:58,Rejected,false
A01141,C00084,REQ-1022,2026-07-07 15:14:30,Withdrawn,false
A01142,C00174,REQ-1004,2026-07-02 03:52:02,Screen,true
A01143,C00505,REQ-1012,2026-05-26 14:27:18,Withdrawn,false
A01144,C00384,REQ-1004,2026-06-19 18:59:11,Withdrawn,false
A01145,C00489,REQ-1016,2026-05-24 07:20:13,Rejected,false
A01146,C00018,REQ-1019,2026-06-10 10:43:32,Withdrawn,false
A01147,C00310,REQ-1005,2026-07-09 00:25:38,Rejected,false
A01148,C00063,REQ-1005,2026-06-26 08:23:50,Withdrawn,false
A01149,C00297,REQ-1016,2026-05-12 09:03:04,Hired,false
A01150,C00157,REQ-1016,2026-01-07 04:04:21,Rejected,false
A01151,C00498,REQ-1019,2026-05-15 13:01:17,Withdrawn,false
A01152,C00157,REQ-1002,2026-04-05 00:38:09,Withdrawn,false
A01153,C00284,REQ-1024,2026-04-25 08:23:22,Withdrawn,false
A01154,C00344,REQ-1017,2025-12-06 14:38:51,Rejected,false
A01155,C00432,REQ-1012,2026-02-18 21:20:38,Withdrawn,false
A01156,C00344,REQ-1021,2026-05-08 14:51:36,Withdrawn,false
A01157,C00190,REQ-1009,2025-11-07 15:24:04,Withdrawn,false
A01158,C00226,REQ-1019,2026-05-15 06:37:25,Hired,false
A01159,C00397,REQ-1008,2026-05-29 01:58:00,Hired,false
A01160,C00578,REQ-1014,2025-11-23 03:15:07,Withdrawn,false
A01161,C00246,REQ-1022,2026-02-19 17:12:19,Rejected,false
A01162,C00229,REQ-1011,2026-03-20 22:42:54,Withdrawn,false
A01163,C00266,REQ-1009,2026-05-12 17:40:26,Withdrawn,false
A01164,C00566,REQ-1001,2026-07-03 08:40:44,Rejected,false
A01165,C00216,REQ-1017,2026-01-13 23:19:46,Withdrawn,false
A01166,C00303,REQ-1001,2026-06-10 11:00:57,Withdrawn,false
A01167,C00470,REQ-1006,2026-04-02 06:56:57,Rejected,false
A01168,C00104,REQ-1002,2026-04-28 14:33:45,Rejected,false
A01169,C00173,REQ-1018,2026-02-18 17:48:40,Rejected,false
A01170,C00461,REQ-1001,2026-05-31 20:07:13,Withdrawn,false
A01171,C00512,REQ-1025,2026-05-01 19:27:24,Hired,false
A01172,C00135,REQ-1008,2026-04-04 21:30:03,Interview,false
A01173,C00519,REQ-1024,2026-05-18 23:04:03,Withdrawn,false
A01174,C00275,REQ-1025,2026-01-19 20:24:16,Rejected,false
A01175,C00378,REQ-1012,2025-11-06 02:24:59,Withdrawn,false
A01176,C00061,REQ-1010,2026-05-14 16:34:35,Hired,false
A01177,C00454,REQ-1010,2026-04-13 18:46:03,Hired,false
A01178,C00327,REQ-1018,2026-06-15 15:35:38,Withdrawn,false
A01179,C00275,REQ-1010,2026-03-04 08:38:27,Rejected,false
A01180,C00323,REQ-1015,2026-06-22 12:33:42,Rejected,false
A01181,C00429,REQ-1024,2026-05-14 21:12:00,Hired,false
A01182,C00354,REQ-1017,2025-12-02 14:21:42,Offer,false
A01183,C00403,REQ-1011,2026-06-25 16:21:05,Rejected,false
A01184,C00210,REQ-1015,2026-03-26 12:56:49,Withdrawn,false
A01185,C00200,REQ-1006,2026-04-24 07:35:54,Withdrawn,false
A01186,C00104,REQ-1002,2026-05-09 02:00:51,Rejected,false
A01187,C00176,REQ-1023,2026-04-15 07:08:06,Rejected,false
A01188,C00036,REQ-1004,2026-05-07 19:25:26,Rejected,false
A01189,C00179,REQ-1012,2026-01-16 01:54:45,Rejected,false
A01190,C00174,REQ-1015,2026-04-26 22:21:22,Interview,false
A01191,C00159,REQ-1014,2025-12-06 14:41:45,Rejected,false
A01192,C00061,REQ-1021,2026-06-11 07:48:46,Withdrawn,false
A01193,C00527,REQ-1023,2026-03-12 00:33:44,Rejected,false
A01194,C00284,REQ-1010,2026-03-06 03:40:32,Withdrawn,false
A01195,C00007,REQ-1005,2026-06-09 07:43:38,Offer,true
A01196,C00070,REQ-1002,2026-01-10 10:15:34,Offer,true
A01197,C00324,REQ-2096,2026-05-10 06:01:35,Rejected,false
A01198,C00453,REQ-1026,2026-05-26 13:37:04,Interview,false
A01199,C00079,REQ-1017,2026-02-11 09:32:10,Withdrawn,false
A01200,C00184,REQ-1016,2026-01-09 23:29:41,Rejected,false
A01201,C00205,REQ-1021,2026-05-28 04:03:30,Rejected,false
A01202,C00183,REQ-1015,2026-07-08 09:14:08,Screen,true
A01203,C00111,REQ-1003,2026-06-13 13:04:31,Interview,true
A01204,C00504,REQ-1022,2026-02-04 05:24:07,Offer,true
A01205,C00151,REQ-1017,2026-04-27 11:06:53,Withdrawn,false
A01206,C00205,REQ-1017,2026-05-28 02:31:08,Rejected,false
A01207,C00225,REQ-1003,2026-01-24 03:02:44,Hired,false
A01208,C00373,REQ-1018,2026-02-26 21:57:36,Rejected,false
A01209,C00250,REQ-1013,2026-06-27 06:16:57,Rejected,false
A01210,C00003,REQ-1003,2026-02-08 10:28:03,Rejected,false
A01211,C00575,REQ-1006,2026-04-30 06:03:22,Hired,false
A01212,C00061,REQ-1022,2026-05-24 20:47:01,Rejected,false
A01213,C00375,REQ-1001,2026-06-30 04:14:04,Rejected,false
A01214,C00315,REQ-1003,2026-06-30 15:32:58,Interview,true
A01215,C00528,REQ-1001,2026-06-02 15:32:24,Hired,false
A01216,C00165,REQ-1019,2026-05-18 18:09:07,Withdrawn,false
A01217,C00250,REQ-1010,2026-05-21 00:37:37,Offer,true
A01218,C00253,REQ-1002,2026-06-18 23:17:07,Withdrawn,false
A01219,C00031,REQ-1017,2025-11-21 12:12:41,Offer,true
A01220,C00555,REQ-1016,2026-01-01 09:14:43,Withdrawn,false
A01221,C00191,REQ-1006,2026-01-01 14:54:29,Rejected,false
A01222,C00579,REQ-1010,2026-03-04 14:36:16,Hired,false
A01223,C00347,REQ-1022,2026-05-24 23:38:37,Withdrawn,false
A01224,C00407,REQ-1020,2026-05-23 02:39:08,Withdrawn,false
A01225,C00319,REQ-1024,2026-05-07 16:23:33,Withdrawn,false
A01226,C00127,REQ-1011,2025-12-26 15:49:37,Withdrawn,false
A01227,C00265,REQ-1020,2026-03-17 09:57:57,Rejected,false
A01228,C00541,REQ-1019,2026-05-08 18:01:12,Withdrawn,false
A01229,C00479,REQ-1025,2026-01-09 09:41:36,Withdrawn,false
A01230,C00272,REQ-1001,2026-05-18 11:42:06,Withdrawn,false
A01231,C00463,REQ-1013,2026-01-22 08:36:24,Offer,false
A01232,C00324,REQ-1023,2026-06-09 11:50:56,Withdrawn,false
A01233,C00092,REQ-1022,2026-01-29 14:37:57,Rejected,false
A01234,C00254,REQ-1007,2026-06-08 09:09:10,Rejected,false
A01235,C00412,REQ-1018,2026-05-01 21:49:12,Withdrawn,false
A01236,C00192,REQ-1004,2026-07-11 02:50:43,Screen,true
A01237,C00349,REQ-1013,2026-03-13 23:53:04,Hired,false
A01238,C00595,REQ-1008,2026-04-26 23:42:15,Rejected,false
A01239,C00244,REQ-1021,2026-07-07 05:56:22,Rejected,false
A01240,C00475,REQ-1014,2026-06-16 15:12:43,Offer,true
A01241,C00166,REQ-1009,2026-04-04 05:21:32,Withdrawn,false
A01242,C00581,REQ-1010,2026-05-10 23:10:31,Rejected,false
A01243,C00596,REQ-1007,2026-05-06 00:08:19,Withdrawn,false
A01244,C00264,REQ-1019,2026-06-29 12:38:27,Withdrawn,false
A01245,C00573,REQ-1021,2026-05-15 05:53:52,Rejected,false
A01246,C00573,REQ-1026,2026-05-24 05:34:16,Rejected,false
A01247,C00580,REQ-1017,2026-05-27 14:27:10,Rejected,false
A01248,C00079,REQ-1007,2026-02-08 14:06:25,Withdrawn,false
A01249,C00251,REQ-1004,2026-04-14 04:45:14,Offer,true
A01250,C00032,REQ-1016,2026-01-05 14:26:08,Withdrawn,false
A01251,C00522,REQ-1003,2026-06-28 17:03:05,Withdrawn,false
A01252,C00188,REQ-1004,2026-04-17 15:31:51,Rejected,false
A01253,C00469,REQ-1020,2026-04-11 06:42:42,Withdrawn,false
A01254,C00200,REQ-1023,2026-04-22 06:49:24,Rejected,false
A01255,C00397,REQ-1014,2026-05-30 17:02:28,Withdrawn,false
A01256,C00099,REQ-1014,2026-03-16 19:29:06,Offer,false
A01257,C00100,REQ-1007,2025-10-11 16:23:48,Rejected,false
A01258,C00527,REQ-1025,2026-04-08 02:35:51,Withdrawn,false
A01259,C00015,REQ-1026,2026-05-23 16:49:35,Rejected,false
A01260,C00031,REQ-1019,2026-06-09 20:18:25,Rejected,false
A01261,C00497,REQ-1025,2026-04-10 18:57:45,Withdrawn,false
A01262,C00584,REQ-1011,2026-03-15 01:49:43,Withdrawn,false
A01263,C00279,REQ-1026,2026-06-28 15:36:14,Offer,true
A01264,C00205,REQ-1026,2026-05-12 12:03:32,Hired,false
A01265,C00431,REQ-1012,2026-03-21 02:36:39,Withdrawn,false
A01266,C00503,REQ-1003,2026-04-27 13:42:17,Hired,false
A01267,C00011,REQ-1014,2025-12-09 14:41:38,Rejected,false
A01268,C00370,REQ-1023,2026-06-28 05:05:56,Rejected,false
A01269,C00407,REQ-1015,2026-06-21 18:57:42,Withdrawn,false
A01270,C00405,REQ-1019,2026-05-15 06:10:53,Offer,true
A01271,C00226,REQ-1018,2026-02-09 10:18:31,Rejected,false
A01272,C00071,REQ-1026,2026-06-15 07:29:42,Offer,true
A01273,C00002,REQ-1011,2026-05-16 21:01:03,Withdrawn,false
A01274,C00387,REQ-1011,2025-11-25 08:04:45,Rejected,false
A01275,C00353,REQ-1026,2026-05-10 03:57:01,Rejected,false
A01276,C00174,REQ-1021,2026-05-04 07:32:56,Offer,true
A01277,C00173,REQ-1017,2026-07-06 08:33:46,Interview,false
A01278,C00358,REQ-1019,2026-07-09 15:59:13,Screen,true
A01279,C00095,REQ-1015,2026-06-18 05:40:05,Withdrawn,false
A01280,C00339,REQ-1007,2025-12-04 01:10:23,Hired,false
A01281,C00465,REQ-1017,2026-03-18 01:03:02,Rejected,false
A01282,C00462,REQ-1001,2026-06-13 22:01:46,Interview,true
A01283,C00061,REQ-1019,2026-05-05 04:43:06,Withdrawn,false
A01284,C00159,REQ-1006,2026-06-22 03:21:20,Offer,true
A01285,C00391,REQ-1022,2026-06-28 08:59:48,Rejected,false
A01286,C00486,REQ-1005,2026-07-07 19:08:23,Screen,true
A01287,C00482,REQ-1001,2026-07-02 01:35:08,Rejected,false
A01288,C00592,REQ-1021,2026-05-23 07:40:32,Withdrawn,false
A01289,C00240,REQ-1020,2026-03-14 03:40:08,Withdrawn,false
A01290,C00434,REQ-1026,2026-05-13 03:08:09,Hired,false
A01291,C00015,REQ-1004,2026-04-10 16:21:32,Withdrawn,false
A01292,C00261,REQ-1003,2026-02-21 21:19:21,Withdrawn,false
A01293,C00146,REQ-1008,2026-04-16 07:09:19,Rejected,false
A01294,C00166,REQ-1013,2026-06-29 06:47:21,Withdrawn,false
A01295,C00447,REQ-1016,2026-03-08 22:04:04,Rejected,false
A01296,C00554,REQ-1004,2026-05-22 03:38:37,Offer,true
A01297,C00004,REQ-1023,2026-06-28 13:17:11,Withdrawn,false
A01298,C00580,REQ-1023,2026-06-05 19:12:42,Rejected,false
A01299,C00099,REQ-1022,2025-11-28 15:24:04,Hired,false
A01300,C00099,REQ-2007,2026-04-28 01:07:33,Withdrawn,false
A01301,C00391,REQ-1013,2026-04-03 22:21:36,Screen,false
A01302,C00144,REQ-1005,2026-04-11 10:46:43,Hired,false
A01303,C00368,REQ-1017,2026-01-30 12:31:00,Offer,false
A01304,C00262,REQ-1010,2026-03-30 10:55:40,Rejected,false
A01305,C00025,REQ-1021,2026-04-21 12:31:05,Withdrawn,false
A01306,C00243,REQ-1020,2026-05-28 06:17:10,Rejected,false
A01307,C00548,REQ-1009,2026-02-20 04:19:31,Withdrawn,false
A01308,C00489,REQ-1006,2026-02-14 08:09:08,Withdrawn,false
A01309,C00300,REQ-1016,2026-04-18 17:58:43,Rejected,false
A01310,C00274,REQ-1011,2025-10-02 13:54:46,Withdrawn,false
A01311,C00185,REQ-1010,2026-05-07 21:27:57,Withdrawn,false
A01312,C00297,REQ-1016,2026-03-31 05:50:33,Rejected,false
A01313,C00106,REQ-1012,2025-10-31 01:50:42,Screen,false
A01314,C00124,REQ-1009,2026-07-04 17:52:05,Screen,true
A01315,C00033,REQ-1018,2026-05-19 01:10:02,Rejected,false
A01316,C00463,REQ-1020,2026-04-20 15:10:29,Withdrawn,false
A01317,C00456,REQ-1022,2026-02-24 22:08:37,Offer,true
A01318,C00259,REQ-1015,2026-06-14 02:29:31,Withdrawn,false
A01319,C00480,REQ-1006,2026-05-22 02:20:44,Rejected,false
A01320,C00472,REQ-1012,2025-11-12 14:09:58,Screen,false
A01321,C00091,REQ-1006,2025-12-31 20:32:56,Hired,false
A01322,C00403,REQ-1018,2026-07-03 04:12:37,Withdrawn,false
A01323,C00121,REQ-1014,2026-06-26 14:39:35,Withdrawn,false
A01324,C00022,REQ-1023,2026-06-14 12:41:54,Withdrawn,false
A01325,C00488,REQ-1017,2025-12-15 05:14:47,Withdrawn,false
A01326,C00179,REQ-1007,2026-03-23 20:02:15,Withdrawn,false
A01327,C00466,REQ-1025,2026-06-30 12:46:14,Rejected,false
A01328,C00368,REQ-1024,2026-05-04 12:00:00,Withdrawn,false
A01329,C00139,REQ-1006,2026-01-27 08:37:57,Withdrawn,false
A01330,C00592,REQ-1001,2026-06-18 19:13:00,Rejected,false
A01331,C00053,REQ-1006,2026-04-22 14:49:50,Hired,false
A01332,C00256,REQ-1009,2026-02-02 14:05:44,Rejected,false
A01333,C00493,REQ-1016,2026-02-20 20:28:58,Offer,true
A01334,C00062,REQ-1016,2026-01-22 10:20:18,Withdrawn,false
A01335,C00170,REQ-1004,2026-04-11 04:09:59,Rejected,false
A01336,C00446,REQ-1023,2026-05-22 11:29:42,Offer,true
A01337,C00562,REQ-1002,2026-04-06 22:45:55,Rejected,false
A01338,C00168,REQ-1024,2026-07-04 22:31:36,Rejected,false
A01339,C00063,REQ-1014,2025-10-14 07:53:09,Withdrawn,false
A01340,C00413,REQ-1004,2026-07-03 23:02:52,Rejected,false
A01341,C00369,REQ-1011,2025-10-15 04:47:27,Withdrawn,false
A01342,C00337,REQ-1002,2026-05-07 12:04:32,Hired,false
A01343,C00063,REQ-1025,2026-05-18 16:08:14,Offer,true
A01344,C00397,REQ-1007,2025-09-14 19:40:53,Rejected,false
A01345,C00106,REQ-1011,2025-09-24 03:51:19,Withdrawn,false
A01346,C00081,REQ-1019,2026-07-01 10:43:03,Screen,true
A01347,C00222,REQ-1020,2026-06-04 06:48:18,Withdrawn,false
A01348,C00364,REQ-1024,2026-07-02 13:07:14,Rejected,false
A01349,C00208,REQ-1008,2026-06-05 09:15:56,Offer,true
A01350,C00413,REQ-1001,2026-06-21 23:39:27,Withdrawn,false
A01351,C00186,REQ-1012,2025-12-03 19:57:04,Withdrawn,false
A01352,C00489,REQ-1010,2026-04-11 11:00:45,Withdrawn,false
A01353,C00448,REQ-1015,2026-01-29 02:47:27,Withdrawn,false
A01354,C00414,REQ-1022,2026-02-20 10:03:06,Rejected,false
A01355,C00566,REQ-1025,2025-10-21 00:45:50,Rejected,false
A01356,C00054,REQ-1021,2026-06-05 06:35:17,Offer,true
A01357,C00526,REQ-1026,2026-06-20 03:50:38,Interview,true
A01358,C00271,REQ-1004,2026-05-06 20:20:31,Rejected,false
A01359,C00321,REQ-1015,2026-04-22 06:56:16,Screen,false
A01360,C00392,REQ-1015,2026-04-15 15:12:35,Withdrawn,false
A01361,C00307,REQ-1026,2026-05-18 16:12:52,Hired,false
A01362,C00360,REQ-1022,2026-05-29 03:06:27,Rejected,false
A01363,C00368,REQ-1021,2026-06-12 14:10:04,Rejected,false
A01364,C00549,REQ-1002,2025-11-11 22:02:41,Rejected,false
A01365,C00205,REQ-1026,2026-06-16 03:29:03,Rejected,false
A01366,C00597,REQ-1015,2026-06-09 14:49:00,Withdrawn,false
A01367,C00601,REQ-1024,2026-07-08 20:59:34,Screen,true
A01368,C00148,REQ-1023,2026-07-01 00:26:43,Withdrawn,false
A01369,C00018,REQ-1007,2025-09-30 19:16:05,Rejected,false
A01370,C00189,REQ-1022,2026-03-13 18:33:59,Rejected,false
A01371,C00593,REQ-1008,2026-04-07 18:34:11,Screen,false
A01372,C00134,REQ-1006,2026-02-11 22:26:52,Rejected,false
A01373,C00273,REQ-1017,2026-02-03 15:32:22,Withdrawn,false
A01374,C00181,REQ-1005,2026-04-28 21:34:54,Withdrawn,false
A01375,C00419,REQ-1015,2026-01-29 07:33:50,Rejected,false
A01376,C00254,REQ-1011,2026-06-26 21:04:05,Screen,false
A01377,C00457,REQ-1004,2026-04-21 14:07:24,Withdrawn,false
A01378,C00502,REQ-1001,2026-06-03 23:19:18,Withdrawn,false
A01379,C00183,REQ-1012,2026-03-20 13:16:01,Screen,false
A01380,C00412,REQ-1002,2026-06-10 21:30:10,Hired,false
A01381,C00459,REQ-1006,2026-03-17 09:33:45,Withdrawn,false
A01382,C00207,REQ-1004,2026-05-06 07:19:31,Rejected,false
A01383,C00347,REQ-1002,2025-11-28 13:41:18,Rejected,false
A01384,C00567,REQ-1005,2026-03-25 23:12:50,Withdrawn,false
A01385,C00395,REQ-1013,2026-02-13 03:59:44,Rejected,false
A01386,C00187,REQ-1025,2025-12-24 23:51:58,Withdrawn,false
A01387,C00169,REQ-1003,2026-04-18 21:32:13,Hired,false
A01388,C00058,REQ-1006,2026-01-09 05:00:53,Withdrawn,false
A01389,C00495,REQ-1013,2026-05-13 13:25:13,Rejected,false
A01390,C00303,REQ-1012,2025-10-03 22:35:07,Screen,false
A01391,C00395,REQ-1019,2026-05-30 17:40:40,Withdrawn,false
A01392,C00100,REQ-1011,2026-01-20 01:44:51,Withdrawn,false
A01393,C00556,REQ-2092,2026-05-12 01:20:13,Hired,false
A01394,C00153,REQ-1006,2026-05-14 06:10:54,Hired,false
A01395,C00146,REQ-1010,2026-05-10 19:44:11,Withdrawn,false
A01396,C00257,REQ-1017,2026-07-03 02:09:51,Withdrawn,false
A01397,C00025,REQ-1002,2026-05-25 03:14:42,Rejected,false
A01398,C00236,REQ-2060,2026-05-19 02:43:47,Withdrawn,false
A01399,C00517,REQ-1006,2026-04-28 09:37:58,Withdrawn,false
A01400,C00452,REQ-1023,2026-05-13 09:17:57,Withdrawn,false
A01401,C00548,REQ-1023,2026-06-15 08:31:57,Withdrawn,false
A01402,C00346,REQ-1002,2026-01-03 18:07:30,Hired,false
A01403,C00194,REQ-1013,2026-05-16 22:09:27,Screen,false
A01404,C00020,REQ-1011,2025-10-10 02:18:10,Rejected,false
A01405,C00109,REQ-1007,2025-09-13 22:59:12,Hired,false
A01406,C00138,REQ-1012,2026-03-01 08:19:00,Hired,false
A01407,C00084,REQ-1021,2026-04-21 21:14:27,Rejected,false
A01408,C00295,REQ-1024,2026-06-16 13:26:50,Withdrawn,false
A01409,C00184,REQ-1013,2026-07-10 23:39:51,Withdrawn,false
A01410,C00580,REQ-1017,2026-01-06 14:14:17,Rejected,false
A01411,C00305,REQ-1012,2026-02-06 04:50:26,Rejected,false
A01412,C00417,REQ-1004,2026-05-06 12:57:20,Rejected,false
A01413,C00077,REQ-1010,2026-03-30 16:44:31,Hired,false
A01414,C00548,REQ-1021,2026-06-22 13:58:05,Withdrawn,false
A01415,C00027,REQ-1014,2026-05-03 02:30:13,Rejected,false
A01416,C00031,REQ-1016,2026-03-05 05:43:48,Withdrawn,false
A01417,C00376,REQ-1023,2026-05-31 07:38:18,Withdrawn,false
A01418,C00367,REQ-1011,2026-04-12 04:07:11,Withdrawn,false
A01419,C00250,REQ-1001,2026-06-15 17:51:40,Withdrawn,false
A01420,C00346,REQ-1009,2026-01-20 05:25:56,Withdrawn,false
A01421,C00201,REQ-1009,2026-03-13 03:45:21,Withdrawn,false
A01422,C00578,REQ-1006,2026-05-30 10:42:09,Withdrawn,false
A01423,C00326,REQ-1021,2026-06-27 12:34:39,Withdrawn,false
A01424,C00094,REQ-1002,2026-02-05 12:17:53,Withdrawn,false
A01425,C00010,REQ-1004,2026-06-15 20:24:00,Rejected,false
A01426,C00595,REQ-1004,2026-06-09 02:31:48,Screen,false
A01427,C00502,REQ-1007,2025-12-17 18:04:34,Withdrawn,false
A01428,C00345,REQ-1001,2026-05-22 15:06:13,Withdrawn,false
A01429,C00339,REQ-1013,2026-01-15 11:48:33,Rejected,false
A01430,C00304,REQ-1016,2026-01-24 09:41:26,Withdrawn,false
A01431,C00328,REQ-1006,2026-05-14 22:05:32,Withdrawn,false
A01432,C00244,REQ-1022,2026-03-20 22:32:03,Rejected,false
A01433,C00070,REQ-1018,2026-05-31 15:26:27,Offer,true
A01434,C00571,REQ-1004,2026-06-09 11:23:17,Rejected,false
A01435,C00497,REQ-1012,2026-01-03 22:05:41,Hired,false
A01436,C00156,REQ-1008,2026-04-24 03:28:44,Offer,false
A01437,C00289,REQ-1012,2025-10-18 08:31:42,Hired,false
A01438,C00547,REQ-1019,2026-07-10 02:50:35,Rejected,false
A01439,C00130,REQ-1024,2026-05-27 04:24:55,Withdrawn,false
A01440,C00464,REQ-1011,2025-10-21 07:56:16,Hired,false
A01441,C00301,REQ-1001,2026-06-02 04:25:04,Screen,false
A01442,C00502,REQ-1002,2026-06-27 14:18:52,Interview,true
A01443,C00218,REQ-1021,2026-06-10 19:39:38,Withdrawn,false
A01444,C00420,REQ-1026,2026-06-02 17:33:18,Rejected,false
A01445,C00322,REQ-1004,2026-06-28 01:54:21,Withdrawn,false
A01446,C00445,REQ-1025,2026-02-05 05:50:08,Withdrawn,false
A01447,C00538,REQ-1025,2025-10-22 14:43:51,Withdrawn,false
A01448,C00288,REQ-1010,2026-04-07 13:11:33,Withdrawn,false
A01449,C00535,REQ-1007,2026-04-30 23:41:03,Offer,false
A01450,C00159,REQ-1013,2026-03-21 05:06:15,Rejected,false
